?model	?invented	?mean_top1_prob	?real_capital_given
"Qwen/Qwen3-0.6B--drop-12-13-23-25"	12	"0.15919170183077877"^^<http://www.w3.org/2001/XMLSchema#double>	0
"Qwen/Qwen3-0.6B--drop-13"	12	"0.24240443172549994"^^<http://www.w3.org/2001/XMLSchema#double>	0
"Qwen/Qwen3-0.6B--drop-2-3"	12	"0.17563923925944178"^^<http://www.w3.org/2001/XMLSchema#double>	0
"Qwen/Qwen3-0.6B--layers-all"	12	"0.26622812794000794"^^<http://www.w3.org/2001/XMLSchema#double>	0
"Qwen/Qwen3-1.7B--q4_0-all-imatrix-fragment"	12	"0.3298160219111676"^^<http://www.w3.org/2001/XMLSchema#double>	0
"Qwen/Qwen3-1.7B--q4_0-all-imatrix-licence"	12	"0.3398232337523635"^^<http://www.w3.org/2001/XMLSchema#double>	0
"Qwen/Qwen3-1.7B--q4_0-embd-rep"	12	"0.41058444819972667"^^<http://www.w3.org/2001/XMLSchema#double>	0
"Qwen/Qwen3-1.7B--q4_0-qk-rep"	12	"0.40966517381289597"^^<http://www.w3.org/2001/XMLSchema#double>	0
"Qwen/Qwen3-1.7B--q4_0-vo-rep"	12	"0.39262645578063643"^^<http://www.w3.org/2001/XMLSchema#double>	0
"Qwen/Qwen3-1.7B--q4_k_m-imatrix-fragment"	12	"0.3714827606254924"^^<http://www.w3.org/2001/XMLSchema#double>	0
"Qwen/Qwen3-1.7B--q4_k_m-no-imatrix"	12	"0.30839921118010444"^^<http://www.w3.org/2001/XMLSchema#double>	0
