label	shape	role	relation	ref
model.embed_tokens.weight	[49152, 576]	gather-table	identical	model.embed_tokens.weight
model.layers.0.input_layernorm.weight	[576]	vector	identical	model.layers.0.input_layernorm.weight
model.layers.0.post_attention_layernorm.weight	[576]	vector	identical	model.layers.0.post_attention_layernorm.weight
model.layers.1.input_layernorm.weight	[576]	vector	identical	model.layers.1.input_layernorm.weight
model.layers.1.post_attention_layernorm.weight	[576]	vector	identical	model.layers.1.post_attention_layernorm.weight
model.layers.10.input_layernorm.weight	[576]	vector	identical	model.layers.10.input_layernorm.weight
model.layers.10.post_attention_layernorm.weight	[576]	vector	identical	model.layers.10.post_attention_layernorm.weight
model.layers.11.input_layernorm.weight	[576]	vector	identical	model.layers.11.input_layernorm.weight
model.layers.11.post_attention_layernorm.weight	[576]	vector	identical	model.layers.11.post_attention_layernorm.weight
model.layers.12.input_layernorm.weight	[576]	vector	identical	model.layers.12.input_layernorm.weight
model.layers.12.post_attention_layernorm.weight	[576]	vector	identical	model.layers.12.post_attention_layernorm.weight
model.layers.13.input_layernorm.weight	[576]	vector	identical	model.layers.13.input_layernorm.weight
model.layers.13.post_attention_layernorm.weight	[576]	vector	identical	model.layers.13.post_attention_layernorm.weight
model.layers.14.input_layernorm.weight	[576]	vector	identical	model.layers.14.input_layernorm.weight
model.layers.14.post_attention_layernorm.weight	[576]	vector	identical	model.layers.14.post_attention_layernorm.weight
model.layers.15.input_layernorm.weight	[576]	vector	identical	model.layers.15.input_layernorm.weight
model.layers.15.post_attention_layernorm.weight	[576]	vector	identical	model.layers.15.post_attention_layernorm.weight
model.layers.16.input_layernorm.weight	[576]	vector	identical	model.layers.16.input_layernorm.weight
model.layers.16.post_attention_layernorm.weight	[576]	vector	identical	model.layers.16.post_attention_layernorm.weight
model.layers.17.input_layernorm.weight	[576]	vector	identical	model.layers.17.input_layernorm.weight
model.layers.17.post_attention_layernorm.weight	[576]	vector	identical	model.layers.17.post_attention_layernorm.weight
model.layers.18.input_layernorm.weight	[576]	vector	identical	model.layers.18.input_layernorm.weight
model.layers.18.post_attention_layernorm.weight	[576]	vector	identical	model.layers.18.post_attention_layernorm.weight
model.layers.19.input_layernorm.weight	[576]	vector	identical	model.layers.19.input_layernorm.weight
model.layers.19.post_attention_layernorm.weight	[576]	vector	identical	model.layers.19.post_attention_layernorm.weight
model.layers.2.input_layernorm.weight	[576]	vector	identical	model.layers.2.input_layernorm.weight
model.layers.2.post_attention_layernorm.weight	[576]	vector	identical	model.layers.2.post_attention_layernorm.weight
model.layers.20.input_layernorm.weight	[576]	vector	identical	model.layers.20.input_layernorm.weight
model.layers.20.post_attention_layernorm.weight	[576]	vector	identical	model.layers.20.post_attention_layernorm.weight
model.layers.21.input_layernorm.weight	[576]	vector	identical	model.layers.21.input_layernorm.weight
model.layers.21.post_attention_layernorm.weight	[576]	vector	identical	model.layers.21.post_attention_layernorm.weight
model.layers.22.input_layernorm.weight	[576]	vector	identical	model.layers.22.input_layernorm.weight
model.layers.22.post_attention_layernorm.weight	[576]	vector	identical	model.layers.22.post_attention_layernorm.weight
model.layers.23.input_layernorm.weight	[576]	vector	identical	model.layers.23.input_layernorm.weight
model.layers.23.post_attention_layernorm.weight	[576]	vector	identical	model.layers.23.post_attention_layernorm.weight
model.layers.24.input_layernorm.weight	[576]	vector	identical	model.layers.24.input_layernorm.weight
model.layers.24.post_attention_layernorm.weight	[576]	vector	identical	model.layers.24.post_attention_layernorm.weight
model.layers.25.input_layernorm.weight	[576]	vector	identical	model.layers.25.input_layernorm.weight
model.layers.25.post_attention_layernorm.weight	[576]	vector	identical	model.layers.25.post_attention_layernorm.weight
model.layers.26.input_layernorm.weight	[576]	vector	identical	model.layers.26.input_layernorm.weight
model.layers.26.post_attention_layernorm.weight	[576]	vector	identical	model.layers.26.post_attention_layernorm.weight
model.layers.27.input_layernorm.weight	[576]	vector	identical	model.layers.27.input_layernorm.weight
model.layers.27.post_attention_layernorm.weight	[576]	vector	identical	model.layers.27.post_attention_layernorm.weight
model.layers.28.input_layernorm.weight	[576]	vector	identical	model.layers.28.input_layernorm.weight
model.layers.28.post_attention_layernorm.weight	[576]	vector	identical	model.layers.28.post_attention_layernorm.weight
model.layers.29.input_layernorm.weight	[576]	vector	identical	model.layers.29.input_layernorm.weight
model.layers.29.post_attention_layernorm.weight	[576]	vector	identical	model.layers.29.post_attention_layernorm.weight
model.layers.3.input_layernorm.weight	[576]	vector	identical	model.layers.3.input_layernorm.weight
model.layers.3.post_attention_layernorm.weight	[576]	vector	identical	model.layers.3.post_attention_layernorm.weight
model.layers.4.input_layernorm.weight	[576]	vector	identical	model.layers.4.input_layernorm.weight
model.layers.4.post_attention_layernorm.weight	[576]	vector	identical	model.layers.4.post_attention_layernorm.weight
model.layers.5.input_layernorm.weight	[576]	vector	identical	model.layers.5.input_layernorm.weight
model.layers.5.post_attention_layernorm.weight	[576]	vector	identical	model.layers.5.post_attention_layernorm.weight
model.layers.6.input_layernorm.weight	[576]	vector	identical	model.layers.6.input_layernorm.weight
model.layers.6.post_attention_layernorm.weight	[576]	vector	identical	model.layers.6.post_attention_layernorm.weight
model.layers.7.input_layernorm.weight	[576]	vector	identical	model.layers.7.input_layernorm.weight
model.layers.7.post_attention_layernorm.weight	[576]	vector	identical	model.layers.7.post_attention_layernorm.weight
model.layers.8.input_layernorm.weight	[576]	vector	identical	model.layers.8.input_layernorm.weight
model.layers.8.post_attention_layernorm.weight	[576]	vector	identical	model.layers.8.post_attention_layernorm.weight
model.layers.9.input_layernorm.weight	[576]	vector	identical	model.layers.9.input_layernorm.weight
model.layers.9.post_attention_layernorm.weight	[576]	vector	identical	model.layers.9.post_attention_layernorm.weight
model.norm.weight	[576]	vector	identical	model.norm.weight
onnx::MatMul_8643	[576, 576]	matmul-weight	transposed	model.layers.0.self_attn.q_proj.weight
onnx::MatMul_8650	[576, 192]	matmul-weight	transposed	model.layers.0.self_attn.k_proj.weight
onnx::MatMul_8651	[576, 192]	matmul-weight	transposed	model.layers.0.self_attn.v_proj.weight
onnx::MatMul_8674	[576, 576]	matmul-weight	transposed	model.layers.0.self_attn.o_proj.weight
onnx::MatMul_8675	[576, 1536]	matmul-weight	transposed	model.layers.0.mlp.gate_proj.weight
onnx::MatMul_8676	[576, 1536]	matmul-weight	transposed	model.layers.0.mlp.up_proj.weight
onnx::MatMul_8677	[1536, 576]	matmul-weight	transposed	model.layers.0.mlp.down_proj.weight
onnx::MatMul_8678	[576, 576]	matmul-weight	transposed	model.layers.1.self_attn.q_proj.weight
onnx::MatMul_8685	[576, 192]	matmul-weight	transposed	model.layers.1.self_attn.k_proj.weight
onnx::MatMul_8686	[576, 192]	matmul-weight	transposed	model.layers.1.self_attn.v_proj.weight
onnx::MatMul_8709	[576, 576]	matmul-weight	transposed	model.layers.1.self_attn.o_proj.weight
onnx::MatMul_8710	[576, 1536]	matmul-weight	transposed	model.layers.1.mlp.gate_proj.weight
onnx::MatMul_8711	[576, 1536]	matmul-weight	transposed	model.layers.1.mlp.up_proj.weight
onnx::MatMul_8712	[1536, 576]	matmul-weight	transposed	model.layers.1.mlp.down_proj.weight
onnx::MatMul_8713	[576, 576]	matmul-weight	transposed	model.layers.2.self_attn.q_proj.weight
onnx::MatMul_8720	[576, 192]	matmul-weight	transposed	model.layers.2.self_attn.k_proj.weight
onnx::MatMul_8721	[576, 192]	matmul-weight	transposed	model.layers.2.self_attn.v_proj.weight
onnx::MatMul_8744	[576, 576]	matmul-weight	transposed	model.layers.2.self_attn.o_proj.weight
onnx::MatMul_8745	[576, 1536]	matmul-weight	transposed	model.layers.2.mlp.gate_proj.weight
onnx::MatMul_8746	[576, 1536]	matmul-weight	transposed	model.layers.2.mlp.up_proj.weight
onnx::MatMul_8747	[1536, 576]	matmul-weight	transposed	model.layers.2.mlp.down_proj.weight
onnx::MatMul_8748	[576, 576]	matmul-weight	transposed	model.layers.3.self_attn.q_proj.weight
onnx::MatMul_8755	[576, 192]	matmul-weight	transposed	model.layers.3.self_attn.k_proj.weight
onnx::MatMul_8756	[576, 192]	matmul-weight	transposed	model.layers.3.self_attn.v_proj.weight
onnx::MatMul_8779	[576, 576]	matmul-weight	transposed	model.layers.3.self_attn.o_proj.weight
onnx::MatMul_8780	[576, 1536]	matmul-weight	transposed	model.layers.3.mlp.gate_proj.weight
onnx::MatMul_8781	[576, 1536]	matmul-weight	transposed	model.layers.3.mlp.up_proj.weight
onnx::MatMul_8782	[1536, 576]	matmul-weight	transposed	model.layers.3.mlp.down_proj.weight
onnx::MatMul_8783	[576, 576]	matmul-weight	transposed	model.layers.4.self_attn.q_proj.weight
onnx::MatMul_8790	[576, 192]	matmul-weight	transposed	model.layers.4.self_attn.k_proj.weight
onnx::MatMul_8791	[576, 192]	matmul-weight	transposed	model.layers.4.self_attn.v_proj.weight
onnx::MatMul_8814	[576, 576]	matmul-weight	transposed	model.layers.4.self_attn.o_proj.weight
onnx::MatMul_8815	[576, 1536]	matmul-weight	transposed	model.layers.4.mlp.gate_proj.weight
onnx::MatMul_8816	[576, 1536]	matmul-weight	transposed	model.layers.4.mlp.up_proj.weight
onnx::MatMul_8817	[1536, 576]	matmul-weight	transposed	model.layers.4.mlp.down_proj.weight
onnx::MatMul_8818	[576, 576]	matmul-weight	transposed	model.layers.5.self_attn.q_proj.weight
onnx::MatMul_8825	[576, 192]	matmul-weight	transposed	model.layers.5.self_attn.k_proj.weight
onnx::MatMul_8826	[576, 192]	matmul-weight	transposed	model.layers.5.self_attn.v_proj.weight
onnx::MatMul_8849	[576, 576]	matmul-weight	transposed	model.layers.5.self_attn.o_proj.weight
onnx::MatMul_8850	[576, 1536]	matmul-weight	transposed	model.layers.5.mlp.gate_proj.weight
onnx::MatMul_8851	[576, 1536]	matmul-weight	transposed	model.layers.5.mlp.up_proj.weight
onnx::MatMul_8852	[1536, 576]	matmul-weight	transposed	model.layers.5.mlp.down_proj.weight
onnx::MatMul_8853	[576, 576]	matmul-weight	transposed	model.layers.6.self_attn.q_proj.weight
onnx::MatMul_8860	[576, 192]	matmul-weight	transposed	model.layers.6.self_attn.k_proj.weight
onnx::MatMul_8861	[576, 192]	matmul-weight	transposed	model.layers.6.self_attn.v_proj.weight
onnx::MatMul_8884	[576, 576]	matmul-weight	transposed	model.layers.6.self_attn.o_proj.weight
onnx::MatMul_8885	[576, 1536]	matmul-weight	transposed	model.layers.6.mlp.gate_proj.weight
onnx::MatMul_8886	[576, 1536]	matmul-weight	transposed	model.layers.6.mlp.up_proj.weight
onnx::MatMul_8887	[1536, 576]	matmul-weight	transposed	model.layers.6.mlp.down_proj.weight
onnx::MatMul_8888	[576, 576]	matmul-weight	transposed	model.layers.7.self_attn.q_proj.weight
onnx::MatMul_8895	[576, 192]	matmul-weight	transposed	model.layers.7.self_attn.k_proj.weight
onnx::MatMul_8896	[576, 192]	matmul-weight	transposed	model.layers.7.self_attn.v_proj.weight
onnx::MatMul_8919	[576, 576]	matmul-weight	transposed	model.layers.7.self_attn.o_proj.weight
onnx::MatMul_8920	[576, 1536]	matmul-weight	transposed	model.layers.7.mlp.gate_proj.weight
onnx::MatMul_8921	[576, 1536]	matmul-weight	transposed	model.layers.7.mlp.up_proj.weight
onnx::MatMul_8922	[1536, 576]	matmul-weight	transposed	model.layers.7.mlp.down_proj.weight
onnx::MatMul_8923	[576, 576]	matmul-weight	transposed	model.layers.8.self_attn.q_proj.weight
onnx::MatMul_8930	[576, 192]	matmul-weight	transposed	model.layers.8.self_attn.k_proj.weight
onnx::MatMul_8931	[576, 192]	matmul-weight	transposed	model.layers.8.self_attn.v_proj.weight
onnx::MatMul_8954	[576, 576]	matmul-weight	transposed	model.layers.8.self_attn.o_proj.weight
onnx::MatMul_8955	[576, 1536]	matmul-weight	transposed	model.layers.8.mlp.gate_proj.weight
onnx::MatMul_8956	[576, 1536]	matmul-weight	transposed	model.layers.8.mlp.up_proj.weight
onnx::MatMul_8957	[1536, 576]	matmul-weight	transposed	model.layers.8.mlp.down_proj.weight
onnx::MatMul_8958	[576, 576]	matmul-weight	transposed	model.layers.9.self_attn.q_proj.weight
onnx::MatMul_8965	[576, 192]	matmul-weight	transposed	model.layers.9.self_attn.k_proj.weight
onnx::MatMul_8966	[576, 192]	matmul-weight	transposed	model.layers.9.self_attn.v_proj.weight
onnx::MatMul_8989	[576, 576]	matmul-weight	transposed	model.layers.9.self_attn.o_proj.weight
onnx::MatMul_8990	[576, 1536]	matmul-weight	transposed	model.layers.9.mlp.gate_proj.weight
onnx::MatMul_8991	[576, 1536]	matmul-weight	transposed	model.layers.9.mlp.up_proj.weight
onnx::MatMul_8992	[1536, 576]	matmul-weight	transposed	model.layers.9.mlp.down_proj.weight
onnx::MatMul_8993	[576, 576]	matmul-weight	transposed	model.layers.10.self_attn.q_proj.weight
onnx::MatMul_9000	[576, 192]	matmul-weight	transposed	model.layers.10.self_attn.k_proj.weight
onnx::MatMul_9001	[576, 192]	matmul-weight	transposed	model.layers.10.self_attn.v_proj.weight
onnx::MatMul_9024	[576, 576]	matmul-weight	transposed	model.layers.10.self_attn.o_proj.weight
onnx::MatMul_9025	[576, 1536]	matmul-weight	transposed	model.layers.10.mlp.gate_proj.weight
onnx::MatMul_9026	[576, 1536]	matmul-weight	transposed	model.layers.10.mlp.up_proj.weight
onnx::MatMul_9027	[1536, 576]	matmul-weight	transposed	model.layers.10.mlp.down_proj.weight
onnx::MatMul_9028	[576, 576]	matmul-weight	transposed	model.layers.11.self_attn.q_proj.weight
onnx::MatMul_9035	[576, 192]	matmul-weight	transposed	model.layers.11.self_attn.k_proj.weight
onnx::MatMul_9036	[576, 192]	matmul-weight	transposed	model.layers.11.self_attn.v_proj.weight
onnx::MatMul_9059	[576, 576]	matmul-weight	transposed	model.layers.11.self_attn.o_proj.weight
onnx::MatMul_9060	[576, 1536]	matmul-weight	transposed	model.layers.11.mlp.gate_proj.weight
onnx::MatMul_9061	[576, 1536]	matmul-weight	transposed	model.layers.11.mlp.up_proj.weight
onnx::MatMul_9062	[1536, 576]	matmul-weight	transposed	model.layers.11.mlp.down_proj.weight
onnx::MatMul_9063	[576, 576]	matmul-weight	transposed	model.layers.12.self_attn.q_proj.weight
onnx::MatMul_9070	[576, 192]	matmul-weight	transposed	model.layers.12.self_attn.k_proj.weight
onnx::MatMul_9071	[576, 192]	matmul-weight	transposed	model.layers.12.self_attn.v_proj.weight
onnx::MatMul_9094	[576, 576]	matmul-weight	transposed	model.layers.12.self_attn.o_proj.weight
onnx::MatMul_9095	[576, 1536]	matmul-weight	transposed	model.layers.12.mlp.gate_proj.weight
onnx::MatMul_9096	[576, 1536]	matmul-weight	transposed	model.layers.12.mlp.up_proj.weight
onnx::MatMul_9097	[1536, 576]	matmul-weight	transposed	model.layers.12.mlp.down_proj.weight
onnx::MatMul_9098	[576, 576]	matmul-weight	transposed	model.layers.13.self_attn.q_proj.weight
onnx::MatMul_9105	[576, 192]	matmul-weight	transposed	model.layers.13.self_attn.k_proj.weight
onnx::MatMul_9106	[576, 192]	matmul-weight	transposed	model.layers.13.self_attn.v_proj.weight
onnx::MatMul_9129	[576, 576]	matmul-weight	transposed	model.layers.13.self_attn.o_proj.weight
onnx::MatMul_9130	[576, 1536]	matmul-weight	transposed	model.layers.13.mlp.gate_proj.weight
onnx::MatMul_9131	[576, 1536]	matmul-weight	transposed	model.layers.13.mlp.up_proj.weight
onnx::MatMul_9132	[1536, 576]	matmul-weight	transposed	model.layers.13.mlp.down_proj.weight
onnx::MatMul_9133	[576, 576]	matmul-weight	transposed	model.layers.14.self_attn.q_proj.weight
onnx::MatMul_9140	[576, 192]	matmul-weight	transposed	model.layers.14.self_attn.k_proj.weight
onnx::MatMul_9141	[576, 192]	matmul-weight	transposed	model.layers.14.self_attn.v_proj.weight
onnx::MatMul_9164	[576, 576]	matmul-weight	transposed	model.layers.14.self_attn.o_proj.weight
onnx::MatMul_9165	[576, 1536]	matmul-weight	transposed	model.layers.14.mlp.gate_proj.weight
onnx::MatMul_9166	[576, 1536]	matmul-weight	transposed	model.layers.14.mlp.up_proj.weight
onnx::MatMul_9167	[1536, 576]	matmul-weight	transposed	model.layers.14.mlp.down_proj.weight
onnx::MatMul_9168	[576, 576]	matmul-weight	transposed	model.layers.15.self_attn.q_proj.weight
onnx::MatMul_9175	[576, 192]	matmul-weight	transposed	model.layers.15.self_attn.k_proj.weight
onnx::MatMul_9176	[576, 192]	matmul-weight	transposed	model.layers.15.self_attn.v_proj.weight
onnx::MatMul_9199	[576, 576]	matmul-weight	transposed	model.layers.15.self_attn.o_proj.weight
onnx::MatMul_9200	[576, 1536]	matmul-weight	transposed	model.layers.15.mlp.gate_proj.weight
onnx::MatMul_9201	[576, 1536]	matmul-weight	transposed	model.layers.15.mlp.up_proj.weight
onnx::MatMul_9202	[1536, 576]	matmul-weight	transposed	model.layers.15.mlp.down_proj.weight
onnx::MatMul_9203	[576, 576]	matmul-weight	transposed	model.layers.16.self_attn.q_proj.weight
onnx::MatMul_9210	[576, 192]	matmul-weight	transposed	model.layers.16.self_attn.k_proj.weight
onnx::MatMul_9211	[576, 192]	matmul-weight	transposed	model.layers.16.self_attn.v_proj.weight
onnx::MatMul_9234	[576, 576]	matmul-weight	transposed	model.layers.16.self_attn.o_proj.weight
onnx::MatMul_9235	[576, 1536]	matmul-weight	transposed	model.layers.16.mlp.gate_proj.weight
onnx::MatMul_9236	[576, 1536]	matmul-weight	transposed	model.layers.16.mlp.up_proj.weight
onnx::MatMul_9237	[1536, 576]	matmul-weight	transposed	model.layers.16.mlp.down_proj.weight
onnx::MatMul_9238	[576, 576]	matmul-weight	transposed	model.layers.17.self_attn.q_proj.weight
onnx::MatMul_9245	[576, 192]	matmul-weight	transposed	model.layers.17.self_attn.k_proj.weight
onnx::MatMul_9246	[576, 192]	matmul-weight	transposed	model.layers.17.self_attn.v_proj.weight
onnx::MatMul_9269	[576, 576]	matmul-weight	transposed	model.layers.17.self_attn.o_proj.weight
onnx::MatMul_9270	[576, 1536]	matmul-weight	transposed	model.layers.17.mlp.gate_proj.weight
onnx::MatMul_9271	[576, 1536]	matmul-weight	transposed	model.layers.17.mlp.up_proj.weight
onnx::MatMul_9272	[1536, 576]	matmul-weight	transposed	model.layers.17.mlp.down_proj.weight
onnx::MatMul_9273	[576, 576]	matmul-weight	transposed	model.layers.18.self_attn.q_proj.weight
onnx::MatMul_9280	[576, 192]	matmul-weight	transposed	model.layers.18.self_attn.k_proj.weight
onnx::MatMul_9281	[576, 192]	matmul-weight	transposed	model.layers.18.self_attn.v_proj.weight
onnx::MatMul_9304	[576, 576]	matmul-weight	transposed	model.layers.18.self_attn.o_proj.weight
onnx::MatMul_9305	[576, 1536]	matmul-weight	transposed	model.layers.18.mlp.gate_proj.weight
onnx::MatMul_9306	[576, 1536]	matmul-weight	transposed	model.layers.18.mlp.up_proj.weight
onnx::MatMul_9307	[1536, 576]	matmul-weight	transposed	model.layers.18.mlp.down_proj.weight
onnx::MatMul_9308	[576, 576]	matmul-weight	transposed	model.layers.19.self_attn.q_proj.weight
onnx::MatMul_9315	[576, 192]	matmul-weight	transposed	model.layers.19.self_attn.k_proj.weight
onnx::MatMul_9316	[576, 192]	matmul-weight	transposed	model.layers.19.self_attn.v_proj.weight
onnx::MatMul_9339	[576, 576]	matmul-weight	transposed	model.layers.19.self_attn.o_proj.weight
onnx::MatMul_9340	[576, 1536]	matmul-weight	transposed	model.layers.19.mlp.gate_proj.weight
onnx::MatMul_9341	[576, 1536]	matmul-weight	transposed	model.layers.19.mlp.up_proj.weight
onnx::MatMul_9342	[1536, 576]	matmul-weight	transposed	model.layers.19.mlp.down_proj.weight
onnx::MatMul_9343	[576, 576]	matmul-weight	transposed	model.layers.20.self_attn.q_proj.weight
onnx::MatMul_9350	[576, 192]	matmul-weight	transposed	model.layers.20.self_attn.k_proj.weight
onnx::MatMul_9351	[576, 192]	matmul-weight	transposed	model.layers.20.self_attn.v_proj.weight
onnx::MatMul_9374	[576, 576]	matmul-weight	transposed	model.layers.20.self_attn.o_proj.weight
onnx::MatMul_9375	[576, 1536]	matmul-weight	transposed	model.layers.20.mlp.gate_proj.weight
onnx::MatMul_9376	[576, 1536]	matmul-weight	transposed	model.layers.20.mlp.up_proj.weight
onnx::MatMul_9377	[1536, 576]	matmul-weight	transposed	model.layers.20.mlp.down_proj.weight
onnx::MatMul_9378	[576, 576]	matmul-weight	transposed	model.layers.21.self_attn.q_proj.weight
onnx::MatMul_9385	[576, 192]	matmul-weight	transposed	model.layers.21.self_attn.k_proj.weight
onnx::MatMul_9386	[576, 192]	matmul-weight	transposed	model.layers.21.self_attn.v_proj.weight
onnx::MatMul_9409	[576, 576]	matmul-weight	transposed	model.layers.21.self_attn.o_proj.weight
onnx::MatMul_9410	[576, 1536]	matmul-weight	transposed	model.layers.21.mlp.gate_proj.weight
onnx::MatMul_9411	[576, 1536]	matmul-weight	transposed	model.layers.21.mlp.up_proj.weight
onnx::MatMul_9412	[1536, 576]	matmul-weight	transposed	model.layers.21.mlp.down_proj.weight
onnx::MatMul_9413	[576, 576]	matmul-weight	transposed	model.layers.22.self_attn.q_proj.weight
onnx::MatMul_9420	[576, 192]	matmul-weight	transposed	model.layers.22.self_attn.k_proj.weight
onnx::MatMul_9421	[576, 192]	matmul-weight	transposed	model.layers.22.self_attn.v_proj.weight
onnx::MatMul_9444	[576, 576]	matmul-weight	transposed	model.layers.22.self_attn.o_proj.weight
onnx::MatMul_9445	[576, 1536]	matmul-weight	transposed	model.layers.22.mlp.gate_proj.weight
onnx::MatMul_9446	[576, 1536]	matmul-weight	transposed	model.layers.22.mlp.up_proj.weight
onnx::MatMul_9447	[1536, 576]	matmul-weight	transposed	model.layers.22.mlp.down_proj.weight
onnx::MatMul_9448	[576, 576]	matmul-weight	transposed	model.layers.23.self_attn.q_proj.weight
onnx::MatMul_9455	[576, 192]	matmul-weight	transposed	model.layers.23.self_attn.k_proj.weight
onnx::MatMul_9456	[576, 192]	matmul-weight	transposed	model.layers.23.self_attn.v_proj.weight
onnx::MatMul_9479	[576, 576]	matmul-weight	transposed	model.layers.23.self_attn.o_proj.weight
onnx::MatMul_9480	[576, 1536]	matmul-weight	transposed	model.layers.23.mlp.gate_proj.weight
onnx::MatMul_9481	[576, 1536]	matmul-weight	transposed	model.layers.23.mlp.up_proj.weight
onnx::MatMul_9482	[1536, 576]	matmul-weight	transposed	model.layers.23.mlp.down_proj.weight
onnx::MatMul_9483	[576, 576]	matmul-weight	transposed	model.layers.24.self_attn.q_proj.weight
onnx::MatMul_9490	[576, 192]	matmul-weight	transposed	model.layers.24.self_attn.k_proj.weight
onnx::MatMul_9491	[576, 192]	matmul-weight	transposed	model.layers.24.self_attn.v_proj.weight
onnx::MatMul_9514	[576, 576]	matmul-weight	transposed	model.layers.24.self_attn.o_proj.weight
onnx::MatMul_9515	[576, 1536]	matmul-weight	transposed	model.layers.24.mlp.gate_proj.weight
onnx::MatMul_9516	[576, 1536]	matmul-weight	transposed	model.layers.24.mlp.up_proj.weight
onnx::MatMul_9517	[1536, 576]	matmul-weight	transposed	model.layers.24.mlp.down_proj.weight
onnx::MatMul_9518	[576, 576]	matmul-weight	transposed	model.layers.25.self_attn.q_proj.weight
onnx::MatMul_9525	[576, 192]	matmul-weight	transposed	model.layers.25.self_attn.k_proj.weight
onnx::MatMul_9526	[576, 192]	matmul-weight	transposed	model.layers.25.self_attn.v_proj.weight
onnx::MatMul_9549	[576, 576]	matmul-weight	transposed	model.layers.25.self_attn.o_proj.weight
onnx::MatMul_9550	[576, 1536]	matmul-weight	transposed	model.layers.25.mlp.gate_proj.weight
onnx::MatMul_9551	[576, 1536]	matmul-weight	transposed	model.layers.25.mlp.up_proj.weight
onnx::MatMul_9552	[1536, 576]	matmul-weight	transposed	model.layers.25.mlp.down_proj.weight
onnx::MatMul_9553	[576, 576]	matmul-weight	transposed	model.layers.26.self_attn.q_proj.weight
onnx::MatMul_9560	[576, 192]	matmul-weight	transposed	model.layers.26.self_attn.k_proj.weight
onnx::MatMul_9561	[576, 192]	matmul-weight	transposed	model.layers.26.self_attn.v_proj.weight
onnx::MatMul_9584	[576, 576]	matmul-weight	transposed	model.layers.26.self_attn.o_proj.weight
onnx::MatMul_9585	[576, 1536]	matmul-weight	transposed	model.layers.26.mlp.gate_proj.weight
onnx::MatMul_9586	[576, 1536]	matmul-weight	transposed	model.layers.26.mlp.up_proj.weight
onnx::MatMul_9587	[1536, 576]	matmul-weight	transposed	model.layers.26.mlp.down_proj.weight
onnx::MatMul_9588	[576, 576]	matmul-weight	transposed	model.layers.27.self_attn.q_proj.weight
onnx::MatMul_9595	[576, 192]	matmul-weight	transposed	model.layers.27.self_attn.k_proj.weight
onnx::MatMul_9596	[576, 192]	matmul-weight	transposed	model.layers.27.self_attn.v_proj.weight
onnx::MatMul_9619	[576, 576]	matmul-weight	transposed	model.layers.27.self_attn.o_proj.weight
onnx::MatMul_9620	[576, 1536]	matmul-weight	transposed	model.layers.27.mlp.gate_proj.weight
onnx::MatMul_9621	[576, 1536]	matmul-weight	transposed	model.layers.27.mlp.up_proj.weight
onnx::MatMul_9622	[1536, 576]	matmul-weight	transposed	model.layers.27.mlp.down_proj.weight
onnx::MatMul_9623	[576, 576]	matmul-weight	transposed	model.layers.28.self_attn.q_proj.weight
onnx::MatMul_9630	[576, 192]	matmul-weight	transposed	model.layers.28.self_attn.k_proj.weight
onnx::MatMul_9631	[576, 192]	matmul-weight	transposed	model.layers.28.self_attn.v_proj.weight
onnx::MatMul_9654	[576, 576]	matmul-weight	transposed	model.layers.28.self_attn.o_proj.weight
onnx::MatMul_9655	[576, 1536]	matmul-weight	transposed	model.layers.28.mlp.gate_proj.weight
onnx::MatMul_9656	[576, 1536]	matmul-weight	transposed	model.layers.28.mlp.up_proj.weight
onnx::MatMul_9657	[1536, 576]	matmul-weight	transposed	model.layers.28.mlp.down_proj.weight
onnx::MatMul_9658	[576, 576]	matmul-weight	transposed	model.layers.29.self_attn.q_proj.weight
onnx::MatMul_9665	[576, 192]	matmul-weight	transposed	model.layers.29.self_attn.k_proj.weight
onnx::MatMul_9666	[576, 192]	matmul-weight	transposed	model.layers.29.self_attn.v_proj.weight
onnx::MatMul_9689	[576, 576]	matmul-weight	transposed	model.layers.29.self_attn.o_proj.weight
onnx::MatMul_9690	[576, 1536]	matmul-weight	transposed	model.layers.29.mlp.gate_proj.weight
onnx::MatMul_9691	[576, 1536]	matmul-weight	transposed	model.layers.29.mlp.up_proj.weight
onnx::MatMul_9692	[1536, 576]	matmul-weight	transposed	model.layers.29.mlp.down_proj.weight
onnx::MatMul_9693	[576, 49152]	matmul-weight	transposed	model.embed_tokens.weight
