repo	tensors	same_names	same_shapes	same_dtypes	metadata	keys_in_both	bag_root_equal
unsloth/SmolLM2-135M-Instruct	272	True	False	False	{"format": "pt"}	-	-
unsloth/SmolLM2-135M-Instruct-bnb-4bit	1322	False	False	False	{"format": "pt"}	-	-
mlx-community/SmolLM2-135M-Instruct	272	True	True	True	{"format": "mlx"}	272/272	True
mlx-community/SmolLM2-135M-Instruct-8bit	694	False	False	False	{"format": "mlx"}	-	-
Daviduche03/SmolLM2-135M-Instruct	272	True	True	False	{"format": "pt"}	0/272	False
mnoukhov/SmolLM2-135M-Instruct_tldr-sft	272	True	True	False	{"format": "pt"}	0/272	False
empathielabs/SmolLM2-135M-Instruct-skill-A	272	True	True	False	{"format": "pt"}	0/272	False
empathielabs/SmolLM2-135M-Instruct-skill-B	272	True	True	False	{"format": "pt"}	0/272	False
empathielabs/SmolLM2-135M-Instruct-skill-B-ft	272	True	True	False	{"format": "pt"}	0/272	False
empathielabs/SmolLM2-135M-Instruct-A	272	True	True	False	{"format": "pt"}	272/272	True
empathielabs/SmolLM2-135M-Instruct-B-finetune	272	True	True	False	{"format": "pt"}	0/272	False
empathielabs/SmolLM2-135M-Instruct-B-contlearn	272	True	True	False	{"format": "pt"}	-	-
jonathanjordan21/SmolLM2-135M-Instruct-sentiment-finetuned	273	False	False	False	{"format": "pt"}	-	-
mnoukhov/SmolLM2-135M-Instruct_tldr-rm	273	False	False	False	{"format": "pt"}	-	-
tmickleydoyle/SmolLM2-135M-Instruct	272	True	True	False	{"format": "pt"}	-	-
