id	severity	status	detail
N1 llama.cpp, Q8_0 weights	high	as predicted	ok: spread of the eight nulls: the largest of the eight nulls over the smallest 1.41 (at most 3 predicted; a null of zero is a failure)
N2 llama.cpp, Q8_0 weights	high	as predicted	ok: same class against the median null: largest variant claimed the same 0.000693 against 4 x the median null 0.00292
N3 llama.cpp, Q8_0 weights	high	as predicted	ok: different class against the largest null: smallest variant claimed different 0.00174 against 1.5 x the largest null 0.00119
N1 llama.cpp, Q4_0 weights	high	as predicted	ok: spread of the eight nulls: the largest of the eight nulls over the smallest 1.52 (at most 3 predicted; a null of zero is a failure)
N2 llama.cpp, Q4_0 weights	high	as predicted	ok: same class against the median null: largest variant claimed the same 0.00104 against 4 x the median null 0.00318
N3 llama.cpp, Q4_0 weights	high	as predicted	ok: different class against the largest null: smallest variant claimed different 0.0424 against 1.5 x the largest null 0.00129
N1 llama.cpp, f16 cache	high	as predicted	ok: spread of the eight nulls: the largest of the eight nulls over the smallest 1.37 (at most 3 predicted; a null of zero is a failure)
N2 llama.cpp, f16 cache	high	as predicted	ok: same class against the median null: largest variant claimed the same 1.49e-07 against 4 x the median null 5.06e-07
N1 llama.cpp, Q8_0 cache, rotated	high	as predicted	ok: spread of the eight nulls: the largest of the eight nulls over the smallest 1.43 (at most 3 predicted; a null of zero is a failure)
N2 llama.cpp, Q8_0 cache, rotated	high	as predicted	ok: same class against the median null: largest variant claimed the same 3.44e-05 against 4 x the median null 0.000116
N3 llama.cpp, Q8_0 cache, rotated	high	as predicted	ok: different class against the largest null: smallest variant claimed different 0.00014 against 1.5 x the largest null 5.23e-05
N1 llama.cpp, Q4_0 cache, rotated	high	as predicted	ok: spread of the eight nulls: the largest of the eight nulls over the smallest 1.31 (at most 3 predicted; a null of zero is a failure)
N2 llama.cpp, Q4_0 cache, rotated	high	as predicted	ok: same class against the median null: largest variant claimed the same 0.00214 against 4 x the median null 0.00542
N3 llama.cpp, Q4_0 cache, rotated	high	as predicted	ok: different class against the largest null: smallest variant claimed different 0.0395 against 1.5 x the largest null 0.00228
N1 llama.cpp, Q8_0 cache, not rotated	high	as predicted	ok: spread of the eight nulls: the largest of the eight nulls over the smallest 1.49 (at most 3 predicted; a null of zero is a failure)
N2 llama.cpp, Q8_0 cache, not rotated	high	as predicted	ok: same class against the median null: largest variant claimed the same 6.1e-05 against 4 x the median null 0.000201
N3 llama.cpp, Q8_0 cache, not rotated	high	as predicted	ok: different class against the largest null: smallest variant claimed different 0.000361 against 1.5 x the largest null 9.36e-05
N1 llama.cpp, Q4_0 cache, not rotated	high	as predicted	ok: spread of the eight nulls: the largest of the eight nulls over the smallest 1.6 (at most 3 predicted; a null of zero is a failure)
N2 llama.cpp, Q4_0 cache, not rotated	high	as predicted	ok: same class against the median null: largest variant claimed the same 0.00231 against 4 x the median null 0.006
N3 llama.cpp, Q4_0 cache, not rotated	high	as predicted	ok: different class against the largest null: smallest variant claimed different 0.0402 against 1.5 x the largest null 0.00268
N1 CTranslate2, int8	high	as predicted	ok: spread of the eight nulls: the largest of the eight nulls over the smallest 1.25 (at most 3 predicted; a null of zero is a failure)
N2 CTranslate2, int8	high	REFUTED	FAILS: same class against the median null: largest variant claimed the same 0.529 against 4 x the median null 0.0254
