id	mutation	risk	checker_predicted	checker_observed	checker_hit	ort_predicted	ort_observed	ort_hit
A1	ir=13	low	accept	accept	True	same	same	True
A1b	ir=9	low	accept	accept	True	same	same	True
A2	ir=14	low	accept	accept	True	refuse	refuse	True
A3	ir=15	low	refuse	refuse	True	refuse	refuse	True
A4	ir=clear	low	refuse	refuse	True	refuse	refuse	True
A5	ir=0	medium	refuse	refuse	True	same	same	True
A6	ir=3	medium	refuse	refuse	True	same	same	True
A7	ir=7	low-medium	accept	accept	True	same	same	True
B1	imports=|17	low	refuse	refuse	True	refuse	refuse	True
B2	imports=|13	low	refuse	refuse	True	refuse	refuse	True
B3	imports=|12	low	refuse	refuse	True	refuse	refuse	True
B4a	imports=|19	medium	accept	accept	True	same/near	same	True
B4b	imports=|19	medium	accept	accept	True	same	same	True
B4c	imports=|26	medium	accept	accept	True	same/near	same	True
B4d	imports=|26	medium	accept	accept	True	same	same	True
B5	imports=|27	low-medium	accept	accept	True	refuse	refuse	True
B5e	imports=|27	medium	accept	accept	True	same/near	same	True
B6	imports=|28	medium	accept	accept	True	refuse	refuse	True
B6e	imports=|28	medium	accept	accept	True	refuse	refuse	True
B7	imports=|100	medium	accept	accept	True	refuse	refuse	True
B8	imports=|4294967314	medium-high	refuse	refuse	True	same	same	True
B9	imports=com.example|1	medium	refuse	refuse	True	same	same	True
B10	imports=	low	refuse	refuse	True	refuse	refuse	True
B11	imports=|18,ai.onnx|17	medium	accept	accept	True	refuse	refuse	True
B12	imports=|17,|18	low-medium	accept	accept	True	same	same	True
B13	imports=ai.onnx|18	low	accept	accept	True	same	same	True
B14	imports=ai.onnx|99	medium-high	accept	accept	True	refuse	refuse	True
B14b	imports=ai.onnx|27	high	accept	accept	True	same/near	same	True
B15	addimport=ai.onnx.ml|99	medium	accept	accept	True	refuse	refuse	True
C1	meta=inert	low	accept	accept	True	same	same	True
C2	meta=dup	low-medium	refuse	refuse	True	same	same	True
C3	unknown=field	low-medium	accept	accept	True	same	same	True
C4	nodedomain=ai.onnx	medium	refuse	refuse	True	same	same	True
C5	dupinit	medium	refuse	refuse	True	same	same	True
D1	convert=17	medium	accept	accept	True	same	same	True
D2	convert=16	medium	accept	accept	True	same	same	True
D3	convert=14	medium	convert-fail	convert-fail	True	na	na	True
D4	convert=19	medium	accept	accept	True	same/near	same	True
D4b	convert=28	medium	accept	accept	True	refuse	refuse	True
D5	convert=29	low	convert-fail	convert-fail	True	na	na	True
