prediction	subject	result	seen
C0	floatlm-99m	as predicted	float64 reference against PyTorch float32: NMSE 3.8e-13, top-1 1, max|d| 0.000541
C0	smol-base	as predicted	float64 reference against PyTorch float32: NMSE 3.75e-12, top-1 1, max|d| 0.000274
C0	smol-instruct	as predicted	float64 reference against PyTorch float32: NMSE 2.14e-12, top-1 1, max|d| 0.000177
C0	trilm-99m	as predicted	float64 reference against PyTorch float32: NMSE 1.75e-13, top-1 1, max|d| 3.37e-05
P1	floatlm-99m	as predicted	scale against original: max|d| 0, bit identical True
P1	smol-base	as predicted	scale against original: max|d| 0, bit identical True
P1	smol-instruct	as predicted	scale against original: max|d| 0, bit identical True
P1	trilm-99m	as predicted	scale against original: max|d| 0, bit identical True
P10	candle float32 / floatlm-99m	as predicted	broken: perplexity 1.36e+08 against 40.8, top-1 agreement 0, NMSE 0.972, identical generations 0/8
P10	candle float32 / smol-base	as predicted	broken: perplexity 3.06e+10 against 24.5, top-1 agreement 0.00283, NMSE 2.58, identical generations 0/8
P10	candle float32 / smol-instruct	as predicted	broken: perplexity 1.24e+10 against 27.8, top-1 agreement 0, NMSE 2.79, identical generations 0/16
P10	candle float32 / trilm-99m	as predicted	broken: perplexity 1.21e+07 against 59.8, top-1 agreement 0, NMSE 1.52, identical generations 0/8
P10	ctranslate2 float32 / floatlm-99m	as predicted	broken: perplexity 1.36e+08 against 40.8, top-1 agreement 0, NMSE 0.972, identical generations 0/8
P10	ctranslate2 float32 / smol-base	as predicted	broken: perplexity 3.06e+10 against 24.5, top-1 agreement 0.00283, NMSE 2.58, identical generations 0/8
P10	ctranslate2 float32 / smol-instruct	as predicted	broken: perplexity 1.24e+10 against 27.8, top-1 agreement 0, NMSE 2.79, identical generations 0/16
P10	ctranslate2 float32 / trilm-99m	as predicted	broken: perplexity 1.21e+07 against 59.8, top-1 agreement 0, NMSE 1.52, identical generations 0/8
P10	llamacpp float16 / floatlm-99m	as predicted	broken: perplexity 1.36e+08 against 40.8, top-1 agreement 0, NMSE 0.972, identical generations 0/8
P10	llamacpp float16 / smol-base	as predicted	broken: perplexity 3.06e+10 against 24.5, top-1 agreement 0.00283, NMSE 2.59, identical generations 0/8
P10	llamacpp float16 / smol-instruct	as predicted	broken: perplexity 1.24e+10 against 27.8, top-1 agreement 0, NMSE 2.79, identical generations 0/16
P10	llamacpp float16 / trilm-99m	as predicted	broken: perplexity 1.21e+07 against 59.8, top-1 agreement 0, NMSE 1.52, identical generations 0/8
P10	llamacpp float32 / floatlm-99m	as predicted	broken: perplexity 1.36e+08 against 40.8, top-1 agreement 0, NMSE 0.972, identical generations 0/8
P10	llamacpp float32 / smol-base	as predicted	broken: perplexity 3.06e+10 against 24.5, top-1 agreement 0.00283, NMSE 2.58, identical generations 0/8
P10	llamacpp float32 / smol-instruct	as predicted	broken: perplexity 1.24e+10 against 27.8, top-1 agreement 0, NMSE 2.79, identical generations 0/16
P10	llamacpp float32 / trilm-99m	as predicted	broken: perplexity 1.21e+07 against 59.8, top-1 agreement 0, NMSE 1.52, identical generations 0/8
P10	onnxruntime float32 / floatlm-99m	as predicted	broken: perplexity 1.36e+08 against 40.8, top-1 agreement 0, NMSE 0.972, identical generations 0/8
P10	onnxruntime float32 / smol-base	as predicted	broken: perplexity 3.06e+10 against 24.5, top-1 agreement 0.00283, NMSE 2.58, identical generations 0/8
P10	onnxruntime float32 / smol-instruct	as predicted	broken: perplexity 1.24e+10 against 27.8, top-1 agreement 0, NMSE 2.79, identical generations 0/16
P10	onnxruntime float32 / trilm-99m	as predicted	broken: perplexity 1.21e+07 against 59.8, top-1 agreement 0, NMSE 1.52, identical generations 0/8
P10	pytorch bfloat16 / floatlm-99m	as predicted	broken: perplexity 1.39e+08 against 41, top-1 agreement 0, NMSE 0.971, identical generations 0/8
P10	pytorch bfloat16 / smol-base	as predicted	broken: perplexity 3.21e+10 against 24.5, top-1 agreement 0.00567, NMSE 2.55, identical generations 0/8
P10	pytorch bfloat16 / smol-instruct	as predicted	broken: perplexity 1.3e+10 against 27.8, top-1 agreement 0, NMSE 2.83, identical generations 0/16
P10	pytorch bfloat16 / trilm-99m	as predicted	broken: perplexity 1.21e+07 against 59.8, top-1 agreement 0, NMSE 1.52, identical generations 0/8
P10	pytorch float32 / floatlm-99m	as predicted	broken: perplexity 1.36e+08 against 40.8, top-1 agreement 0, NMSE 0.972, identical generations 0/8
P10	pytorch float32 / smol-base	as predicted	broken: perplexity 3.06e+10 against 24.5, top-1 agreement 0.00283, NMSE 2.58, identical generations 0/8
P10	pytorch float32 / smol-instruct	as predicted	broken: perplexity 1.24e+10 against 27.8, top-1 agreement 0, NMSE 2.79, identical generations 0/16
P10	pytorch float32 / trilm-99m	as predicted	broken: perplexity 1.21e+07 against 59.8, top-1 agreement 0, NMSE 1.52, identical generations 0/8
P11	candle / floatlm-99m	as predicted	perplexity 40.8; relative change: scale 0, perm 9.9e-08, all 1.4e-07, canon 7.8e-08, heads 6.4e-08, units 2.3e-08, units_blk 1.6e-07, resid 1.2e-07, resid_blk 2.4e-08
P11	candle / smol-base	as predicted	perplexity 24.5; relative change: scale 0, perm 1.8e-08, all 9.2e-09, canon 1.3e-08, heads 3e-08, units 3.9e-08, units_blk 1.7e-08, resid 9.1e-09, resid_blk 1.6e-08
P11	candle / smol-instruct	as predicted	perplexity 27.8; relative change: scale 0, perm 1.7e-08, all 5.6e-09, canon 4.2e-09, heads 7e-09, units 7.4e-09, units_blk 9.8e-09, resid 8.7e-09, resid_blk 2e-08
P11	candle / trilm-99m	as predicted	perplexity 59.8; relative change: scale 0, perm 5e-09, all 3.2e-09, canon 2.2e-08, heads 1.5e-09, units 1.7e-08, units_blk 8.4e-09, resid 1.3e-08, resid_blk 1.2e-08
P11	ctranslate2 / floatlm-99m	as predicted	perplexity 40.8; relative change: scale 0, perm 2.6e-07, all 2.1e-07, canon 6e-08, heads 9.8e-08, units 5.3e-08, units_blk 5e-08, resid 1.1e-07, resid_blk 5.3e-08
P11	ctranslate2 / smol-base	as predicted	perplexity 24.5; relative change: scale 0, perm 4.7e-08, all 6.6e-08, canon 8.7e-08, heads 7.2e-08, units 4.1e-08, units_blk 3.7e-08, resid 5.5e-08, resid_blk 6.3e-08
P11	ctranslate2 / smol-instruct	as predicted	perplexity 27.8; relative change: scale 0, perm 1.7e-07, all 1e-07, canon 1e-07, heads 9e-09, units 2.3e-08, units_blk 2.5e-08, resid 1.2e-07, resid_blk 1.2e-07
P11	ctranslate2 / trilm-99m	as predicted	perplexity 59.8; relative change: scale 0, perm 3e-08, all 3e-08, canon 3.5e-08, heads 3.3e-08, units 1.1e-08, units_blk 2.2e-08, resid 4.2e-08, resid_blk 2.7e-08
P11	llamacpp / floatlm-99m	as predicted	perplexity 40.8; relative change: scale 0, perm 2.5e-08, all 8e-09, canon 6.3e-08, heads 2.1e-08, units 8.2e-08, units_blk 3.9e-08, resid 6.2e-08, resid_blk 3e-08
P11	llamacpp / smol-base	as predicted	perplexity 24.5; relative change: scale 0, perm 2.3e-08, all 3.7e-08, canon 3.4e-08, heads 1.6e-09, units 2.9e-08, units_blk 8.9e-09, resid 4.7e-08, resid_blk 2.9e-08
P11	llamacpp / smol-instruct	as predicted	perplexity 27.8; relative change: scale 0, perm 3.4e-08, all 2.4e-08, canon 2.7e-08, heads 4.1e-09, units 2.3e-09, units_blk 4.5e-08, resid 6.1e-08, resid_blk 3.4e-08
P11	llamacpp / trilm-99m	as predicted	perplexity 59.8; relative change: scale 0, perm 5.6e-09, all 1.8e-09, canon 1.4e-08, heads 5.5e-09, units 1.6e-08, units_blk 1e-08, resid 1.4e-08, resid_blk 1.4e-08
P11	onnxruntime / floatlm-99m	as predicted	perplexity 40.8; relative change: scale 0, perm 9e-08, all 1.6e-07, canon 7.7e-08, heads 5.7e-08, units 9.6e-08, units_blk 4e-08, resid 2e-07, resid_blk 1.3e-07
P11	onnxruntime / smol-base	as predicted	perplexity 24.5; relative change: scale 0, perm 3.3e-08, all 3.1e-08, canon 2.8e-08, heads 7.4e-09, units 1e-08, units_blk 8.9e-08, resid 1.1e-08, resid_blk 1.5e-08
P11	onnxruntime / smol-instruct	as predicted	perplexity 27.8; relative change: scale 0, perm 1.7e-08, all 2.5e-09, canon 3.6e-08, heads 4.7e-08, units 6.4e-08, units_blk 1.2e-08, resid 6.8e-09, resid_blk 7e-08
P11	onnxruntime / trilm-99m	as predicted	perplexity 59.8; relative change: scale 0, perm 1.1e-08, all 1e-08, canon 7e-08, heads 3.1e-08, units 2.6e-08, units_blk 5e-10, resid 2.3e-08, resid_blk 5.6e-08
P11	pytorch / floatlm-99m	as predicted	perplexity 40.8; relative change: scale 0, perm 1.3e-07, all 4.2e-09, canon 2.4e-08, heads 7.3e-08, units 2.6e-08, units_blk 3.8e-09, resid 5.5e-08, resid_blk 6.3e-09
P11	pytorch / smol-base	as predicted	perplexity 24.5; relative change: scale 0, perm 7.8e-08, all 5.8e-08, canon 3.5e-08, heads 1.9e-08, units 5.4e-08, units_blk 3.4e-08, resid 3.9e-08, resid_blk 1.5e-08
P11	pytorch / smol-instruct	as predicted	perplexity 27.8; relative change: scale 0, perm 1.1e-08, all 3e-08, canon 2.7e-08, heads 6.2e-08, units 1.3e-08, units_blk 2.2e-08, resid 3.3e-08, resid_blk 5.3e-09
P11	pytorch / trilm-99m	as predicted	perplexity 59.8; relative change: scale 0, perm 4.1e-08, all 2.3e-08, canon 5.7e-08, heads 1.4e-08, units 1.2e-08, units_blk 6.7e-09, resid 6.2e-08, resid_blk 3.3e-08
P12	candle float32 / floatlm-99m	REFUTED	scale peak memory 1.33; all peak memory 1.33; canon decode_tps 40.6 outside [40.8, 44.3]; canon peak memory 1.33
P12	candle float32 / smol-base	as predicted	9 variants inside the original's own spread (3% beyond it) in prefill and decode, memory within 5%, sizes equal
P12	candle float32 / smol-instruct	as predicted	9 variants inside the original's own spread (3% beyond it) in prefill and decode, memory within 5%, sizes equal
P12	candle float32 / trilm-99m	as predicted	9 variants inside the original's own spread (3% beyond it) in prefill and decode, memory within 5%, sizes equal
P12	ctranslate2 float32 / floatlm-99m	as predicted	9 variants inside the original's own spread (3% beyond it) in prefill and decode, memory within 5%, sizes equal
P12	ctranslate2 float32 / smol-base	as predicted	9 variants inside the original's own spread (3% beyond it) in prefill and decode, memory within 5%, sizes equal
P12	ctranslate2 float32 / smol-instruct	as predicted	9 variants inside the original's own spread (3% beyond it) in prefill and decode, memory within 5%, sizes equal
P12	ctranslate2 float32 / trilm-99m	as predicted	9 variants inside the original's own spread (3% beyond it) in prefill and decode, memory within 5%, sizes equal
P12	llamacpp float16 / floatlm-99m	as predicted	9 variants inside the original's own spread (3% beyond it) in prefill and decode, memory within 5%, sizes equal
P12	llamacpp float16 / smol-base	as predicted	9 variants inside the original's own spread (3% beyond it) in prefill and decode, memory within 5%, sizes equal
P12	llamacpp float16 / smol-instruct	as predicted	9 variants inside the original's own spread (3% beyond it) in prefill and decode, memory within 5%, sizes equal
P12	llamacpp float16 / trilm-99m	as predicted	9 variants inside the original's own spread (3% beyond it) in prefill and decode, memory within 5%, sizes equal
P12	llamacpp float32 / floatlm-99m	REFUTED	scale decode_tps 105 outside [107, 119]
P12	llamacpp float32 / smol-base	as predicted	9 variants inside the original's own spread (3% beyond it) in prefill and decode, memory within 5%, sizes equal
P12	llamacpp float32 / smol-instruct	as predicted	9 variants inside the original's own spread (3% beyond it) in prefill and decode, memory within 5%, sizes equal
P12	llamacpp float32 / trilm-99m	as predicted	9 variants inside the original's own spread (3% beyond it) in prefill and decode, memory within 5%, sizes equal
P12	onnxruntime float32 / floatlm-99m	as predicted	9 variants inside the original's own spread (3% beyond it) in prefill and decode, memory within 5%, sizes equal
P12	onnxruntime float32 / smol-base	as predicted	9 variants inside the original's own spread (3% beyond it) in prefill and decode, memory within 5%, sizes equal
P12	onnxruntime float32 / smol-instruct	as predicted	9 variants inside the original's own spread (3% beyond it) in prefill and decode, memory within 5%, sizes equal
P12	onnxruntime float32 / trilm-99m	as predicted	9 variants inside the original's own spread (3% beyond it) in prefill and decode, memory within 5%, sizes equal
P12	pytorch bfloat16 / floatlm-99m	REFUTED	scale prefill_tps 4.71e+03 outside [4.81e+03, 5.77e+03]; scale peak memory 1.27; all peak memory 1.27; canon peak memory 1.27
P12	pytorch bfloat16 / smol-base	as predicted	9 variants inside the original's own spread (3% beyond it) in prefill and decode, memory within 5%, sizes equal
P12	pytorch bfloat16 / smol-instruct	as predicted	9 variants inside the original's own spread (3% beyond it) in prefill and decode, memory within 5%, sizes equal
P12	pytorch bfloat16 / trilm-99m	as predicted	9 variants inside the original's own spread (3% beyond it) in prefill and decode, memory within 5%, sizes equal
P12	pytorch float32 / floatlm-99m	as predicted	9 variants inside the original's own spread (3% beyond it) in prefill and decode, memory within 5%, sizes equal
P12	pytorch float32 / smol-base	as predicted	9 variants inside the original's own spread (3% beyond it) in prefill and decode, memory within 5%, sizes equal
P12	pytorch float32 / smol-instruct	as predicted	9 variants inside the original's own spread (3% beyond it) in prefill and decode, memory within 5%, sizes equal
P12	pytorch float32 / trilm-99m	as predicted	9 variants inside the original's own spread (3% beyond it) in prefill and decode, memory within 5%, sizes equal
P13	floatlm-99m	as predicted	33 of 33 texts have the ids of the Hugging Face tokenizer
P13	smol-base	as predicted	33 of 33 texts have the ids of the Hugging Face tokenizer
P13	smol-instruct	as predicted	33 of 33 texts have the ids of the Hugging Face tokenizer
P13	trilm-99m	as predicted	33 of 33 texts have the ids of the Hugging Face tokenizer
P14	floatlm-99m, float64_reference	as predicted	tolerance 1e-09: resid:identity resid 4.1e-15, resid_blk:identity resid 4.4e-15, units:identity resid 4.1e-15, units_blk:identity resid 4.0e-15, perm:unit resid 4.4e-15, heads:unit resid 3.6e-15, scale:pow2 resid 0.0e+00, all:pow2 resid 4.5e-15, canon:pow2 resid 4.5e-15
P14	floatlm-99m, transformers_float32	as predicted	tolerance 0.0001: resid:identity resid 2.2e-06, resid_blk:identity resid 2.1e-06, units:identity resid 2.0e-06, units_blk:identity resid 2.1e-06, perm:unit resid 2.3e-06, heads:unit resid 1.9e-06, scale:pow2 resid 0.0e+00, all:pow2 resid 2.3e-06, canon:pow2 resid 2.3e-06
P14	smol-base, float64_reference	as predicted	tolerance 1e-09: resid:identity resid 4.6e-15, resid_blk:identity resid 4.6e-15, units:identity resid 9.0e-15, units_blk:identity resid 1.1e-14, perm:unit resid 1.4e-14, heads:unit resid 4.0e-15, scale:pow2 resid 0.0e+00, all:pow2 resid 9.3e-15, canon:pow2 resid 7.8e-15
P14	smol-base, transformers_float32	as predicted	tolerance 0.0001: resid:identity resid 2.8e-06, resid_blk:identity resid 2.7e-06, units:identity resid 5.5e-06, units_blk:identity resid 5.0e-06, perm:unit resid 6.4e-06, heads:unit resid 2.4e-06, scale:pow2 resid 0.0e+00, all:pow2 resid 6.0e-06, canon:pow2 resid 5.4e-06
P14	smol-instruct, float64_reference	as predicted	tolerance 1e-09: resid:identity resid 5.0e-15, resid_blk:identity resid 5.3e-15, units:identity resid 1.2e-14, units_blk:identity resid 7.9e-15, perm:unit resid 8.4e-15, heads:unit resid 4.0e-15, scale:pow2 resid 0.0e+00, all:pow2 resid 6.6e-15, canon:pow2 resid 1.2e-14
P14	smol-instruct, transformers_float32	as predicted	tolerance 0.0001: resid:identity resid 2.2e-06, resid_blk:identity resid 2.5e-06, units:identity resid 2.5e-06, units_blk:identity resid 2.4e-06, perm:unit resid 2.8e-06, heads:unit resid 1.8e-06, scale:pow2 resid 0.0e+00, all:pow2 resid 2.9e-06, canon:pow2 resid 4.7e-06
P14	trilm-99m, float64_reference	REFUTED	tolerance 1e-09: resid:identity resid 1.7e-15, resid_blk:identity resid 1.6e-15, units:identity resid 1.5e-15, units_blk:identity resid 1.6e-15, perm:unit resid 1.7e-15, heads:unit resid 1.5e-15, scale:pow2 resid 0.0e+00, all:pow2 resid 1.7e-15, canon:pow2 resid 1.8e-15; outside: ['resid (identity; layers not matched [])', 'resid_blk (identity; layers not matched [])', 'units (identity; layers not matched [])', 'units_blk (identity; layers not matched [])', 'perm (unit; layers not matched [])', 'heads (unit; layers not matched [])', 'scale (pow2; layers not matched [])', 'all (pow2; layers not matched [])', 'canon (pow2; layers not matched [])']
P14	trilm-99m, transformers_float32	REFUTED	tolerance 0.0001: resid:identity resid 8.6e-07, resid_blk:identity resid 8.6e-07, units:identity resid 7.9e-07, units_blk:identity resid 7.7e-07, perm:unit resid 9.0e-07, heads:unit resid 7.8e-07, scale:pow2 resid 0.0e+00, all:pow2 resid 9.3e-07, canon:pow2 resid 8.9e-07; outside: ['resid (identity; layers not matched [])', 'resid_blk (identity; layers not matched [])', 'units (identity; layers not matched [])', 'units_blk (identity; layers not matched [])', 'perm (unit; layers not matched [])', 'heads (unit; layers not matched [])', 'scale (pow2; layers not matched [])', 'all (pow2; layers not matched [])', 'canon (pow2; layers not matched [])']
P14c	floatlm-99m, float64_reference	as predicted	broken: matched in all layers False, min cos 0.116
P14c	floatlm-99m, transformers_float32	as predicted	broken: matched in all layers False, min cos 0.116
P14c	smol-base, float64_reference	as predicted	broken: matched in all layers False, min cos 0.122
P14c	smol-base, transformers_float32	as predicted	broken: matched in all layers False, min cos 0.122
P14c	smol-instruct, float64_reference	as predicted	broken: matched in all layers False, min cos 0.104
P14c	smol-instruct, transformers_float32	as predicted	broken: matched in all layers False, min cos 0.104
P14c	trilm-99m, float64_reference	as predicted	broken: matched in all layers False, min cos 0.079
P14c	trilm-99m, transformers_float32	as predicted	broken: matched in all layers False, min cos 0.079
P15	cache f16	REFUTED	e = 2.27e-07; NMSE against own original / e: scale 0.551, perm 0.505, all 0.616, canon 0.579, heads 0.522, units 0.561, units_blk 0.527, resid 0.554, resid_blk 0.585; outside: ['scale', 'perm', 'all', 'canon', 'heads', 'units', 'units_blk', 'resid', 'resid_blk']
P15	cache q4_0	as predicted	e = 0.0152; NMSE against own original / e: heads 0.0772, perm 0.0572, resid 0.0772, resid_blk 0.0527, units 0.136, units_blk 0.0775, scale 89.7, all 79.2, canon 2.58
P15	cache q8_0	REFUTED	e = 5.89e-05; NMSE against own original / e: heads 0.452, perm 0.47, resid 0.428, resid_blk 0.527, units 0.417, units_blk 0.351, scale 145, all 114, canon 2.48; outside: ['heads', 'perm', 'resid', 'resid_blk', 'units', 'units_blk']
P15n	cache q4_0, rotation disabled	as predicted	e = 0.0404; NMSE against own original / e: heads 0.0338, perm 0.0421, resid 0.0292, resid_blk 0.0266, units 0.0288, units_blk 0.0471, scale 33.5, all 31, canon 1.01
P15n	cache q8_0, rotation disabled	REFUTED	e = 0.000204; NMSE against own original / e: heads 0.198, perm 0.272, resid 0.238, resid_blk 0.247, units 0.299, units_blk 0.235, scale 211, all 145, canon 1.77; outside: ['perm', 'resid', 'resid_blk', 'units', 'units_blk']
P15r	cache q4_0, rotated against not rotated	as predicted	e with the rotation 0.0152, without 0.0404 (limit 0.8 x)
P15r	cache q8_0, rotated against not rotated	as predicted	e with the rotation 5.89e-05, without 0.000204 (limit 1.0 x)
P16	null variant, float32-kvf16	as predicted	e = 2.27e-07; NMSE against own original / e = 0.516 (at least 0.1 predicted)
P16	null variant, float32-kvq4_0	as predicted	e = 0.0152; NMSE against own original / e = 0.092 (below 0.2 predicted)
P16	null variant, float32-kvq8_0	as predicted	e = 5.89e-05; NMSE against own original / e = 0.511 (at least 0.1 predicted)
P16	null variant, q4_0	as predicted	e = 0.0869; NMSE against own original / e = 0.00964 (below 0.2 predicted)
P16	null variant, q8_0	as predicted	e = 0.0017; NMSE against own original / e = 0.427 (at least 0.1 predicted)
P17	Q4_0 cache	as predicted	null NMSE 0.00116; claimed the same, in units of the null: resid 0.991, heads 1.23, units 1.32, units_blk 1.56, resid_blk 1.69, perm 1.85; claimed different: canon 34.1, all 1.06e+03, scale 1.13e+03
P17	Q4_0 cache, not rotated	as predicted	null NMSE 0.00179; claimed the same, in units of the null: units 0.78, units_blk 0.837, resid_blk 1.03, heads 1.12, resid 1.17, perm 1.29; claimed different: canon 22.5, all 716, scale 758
P17	Q4_0 weights	as predicted	null NMSE 0.000786; claimed the same, in units of the null: heads 0.512, units_blk 1.25, resid_blk 1.32; claimed different: units 53.9, canon 153, resid 157, perm 194, scale 1.35e+03, all 1.79e+03
P17	Q8_0 cache	as predicted	null NMSE 2.43e-05; claimed the same, in units of the null: units 1.14, resid_blk 1.19, units_blk 1.25, heads 1.27, perm 1.36, resid 1.41; claimed different: canon 5.76, all 254, scale 379
P17	Q8_0 cache, not rotated	as predicted	null NMSE 5.13e-05; claimed the same, in units of the null: heads 0.906, units 0.923, units_blk 0.986, resid 1.12, resid_blk 1.2, perm 1.25; claimed different: canon 8.31, all 580, scale 846
P17	Q8_0 weights	as predicted	null NMSE 0.00074; claimed the same, in units of the null: heads 0.578, resid_blk 0.712, units_blk 0.936; claimed different: units 2.35, resid 2.96, canon 4.19, perm 4.27, scale 73.7, all 78.6
P17	f16 cache	as predicted	null NMSE 1.56e-07; claimed the same, in units of the null: heads 0.661, scale 0.685, units 0.779, all 0.803, units_blk 0.837, perm 0.841, resid 0.885, canon 0.954, resid_blk 0.959 [no class claimed different: (b) is not tested]
P2	floatlm-99m	as predicted	top-1 agreement with the own original (at least 0.998 predicted): perm 1, all 1, canon 1, heads 1, units 1, units_blk 1, resid 1, resid_blk 1
P2	smol-base	as predicted	top-1 agreement with the own original (at least 0.998 predicted): perm 1, all 1, canon 1, heads 1, units 1, units_blk 1, resid 1, resid_blk 1
P2	smol-instruct	as predicted	top-1 agreement with the own original (at least 0.998 predicted): perm 1, all 1, canon 1, heads 1, units 1, units_blk 1, resid 1, resid_blk 1
P2	trilm-99m	as predicted	top-1 agreement with the own original (at least 0.998 predicted): perm 1, all 1, canon 1, heads 1, units 1, units_blk 1, resid 1, resid_blk 1
P3	floatlm-99m scale	as predicted	bit identical True, max|d| 0
P3	smol-base scale	as predicted	bit identical True, max|d| 0
P3	smol-instruct scale	as predicted	bit identical True, max|d| 0
P3	trilm-99m scale	as predicted	bit identical True, max|d| 0
P4	candle / floatlm-99m	as predicted	e(original) 4.66e-13, top-1 1, max|d| 0.000623
P4	candle / smol-base	as predicted	e(original) 8.99e-12, top-1 1, max|d| 0.000346
P4	candle / smol-instruct	as predicted	e(original) 1.62e-12, top-1 1, max|d| 9.15e-05
P4	candle / trilm-99m	as predicted	e(original) 1.33e-13, top-1 1, max|d| 2.43e-05
P4	ctranslate2 / floatlm-99m	as predicted	e(original) 3.52e-13, top-1 1, max|d| 0.000505
P4	ctranslate2 / smol-base	as predicted	e(original) 3.36e-12, top-1 1, max|d| 0.000239
P4	ctranslate2 / smol-instruct	as predicted	e(original) 1.51e-12, top-1 1, max|d| 0.0001
P4	ctranslate2 / trilm-99m	as predicted	e(original) 2.55e-13, top-1 1, max|d| 3.14e-05
P4	llamacpp / floatlm-99m	as predicted	e(original) 5.09e-13, top-1 1, max|d| 0.000532
P4	llamacpp / smol-base	as predicted	e(original) 1.35e-12, top-1 1, max|d| 0.000117
P4	llamacpp / smol-instruct	as predicted	e(original) 7.76e-13, top-1 1, max|d| 9.06e-05
P4	llamacpp / trilm-99m	as predicted	e(original) 7.57e-14, top-1 1, max|d| 1.95e-05
P4	onnxruntime / floatlm-99m	as predicted	e(original) 4.28e-13, top-1 1, max|d| 0.000549
P4	onnxruntime / smol-base	as predicted	e(original) 2.31e-12, top-1 1, max|d| 0.000214
P4	onnxruntime / smol-instruct	as predicted	e(original) 1.81e-12, top-1 1, max|d| 7.15e-05
P4	onnxruntime / trilm-99m	as predicted	e(original) 2.59e-13, top-1 1, max|d| 4.19e-05
P4b	llama.cpp float32, f16 against f32 cache	as predicted	e with f32 cache 7.76e-13, with f16 cache 2.27e-07
P5a	candle / floatlm-99m	as predicted	scale: bit identical True, max|d| 0, NMSE 0
P5a	candle / smol-base	as predicted	scale: bit identical True, max|d| 0, NMSE 0
P5a	candle / smol-instruct	as predicted	scale: bit identical True, max|d| 0, NMSE 0
P5a	candle / trilm-99m	as predicted	scale: bit identical True, max|d| 0, NMSE 0
P5a	ctranslate2 / floatlm-99m	as predicted	scale: bit identical True, max|d| 0, NMSE 0
P5a	ctranslate2 / smol-base	as predicted	scale: bit identical True, max|d| 0, NMSE 0
P5a	ctranslate2 / smol-instruct	as predicted	scale: bit identical True, max|d| 0, NMSE 0
P5a	ctranslate2 / trilm-99m	as predicted	scale: bit identical True, max|d| 0, NMSE 0
P5a	llamacpp / floatlm-99m	as predicted	scale: bit identical True, max|d| 0, NMSE 0
P5a	llamacpp / smol-base	as predicted	scale: bit identical True, max|d| 0, NMSE 0
P5a	llamacpp / smol-instruct	as predicted	scale: bit identical True, max|d| 0, NMSE 0
P5a	llamacpp / trilm-99m	as predicted	scale: bit identical True, max|d| 0, NMSE 0
P5a	onnxruntime / floatlm-99m	as predicted	scale: bit identical True, max|d| 0, NMSE 0
P5a	onnxruntime / smol-base	as predicted	scale: bit identical True, max|d| 0, NMSE 0
P5a	onnxruntime / smol-instruct	as predicted	scale: bit identical True, max|d| 0, NMSE 0
P5a	onnxruntime / trilm-99m	as predicted	scale: bit identical True, max|d| 0, NMSE 0
P6	llama.cpp q4_0	REFUTED	e = 0.0869; NMSE against own original / e: heads 0.00459, units_blk 0.0105, resid_blk 0.0122, units 0.482, resid 1.41, scale 12, perm 1.74, all 16.4, canon 1.37; outside: ['units']
P6	llama.cpp q8_0	REFUTED	e = 0.00183; NMSE against own original / e: heads 0.164, units_blk 0.355, resid_blk 0.368, units 0.996, resid 1.15, scale 29.6, perm 1.6, all 31.1, canon 1.77; outside: ['units_blk', 'resid_blk']
P7	CTranslate2 int8	as predicted	e = 0.0255; NMSE against own original / e: heads 0, units 0, resid 0.196, perm 0.196, scale 20.8, all 15.5, canon 1.06
P8	pytorch / floatlm-99m	as predicted	scale 8/8; perm 0 divergent; all 0 divergent; canon 0 divergent; heads 0 divergent; units 0 divergent; units_blk 0 divergent; resid 0 divergent; resid_blk 0 divergent
P8	pytorch / smol-base	as predicted	scale 8/8; perm 0 divergent; all 0 divergent; canon 0 divergent; heads 0 divergent; units 0 divergent; units_blk 0 divergent; resid 0 divergent; resid_blk 0 divergent
P8	pytorch / smol-instruct	as predicted	scale 16/16; perm 0 divergent; all 0 divergent; canon 0 divergent; heads 0 divergent; units 0 divergent; units_blk 0 divergent; resid 0 divergent; resid_blk 0 divergent
P8	pytorch / trilm-99m	as predicted	scale 8/8; perm 0 divergent; all 0 divergent; canon 0 divergent; heads 0 divergent; units 0 divergent; units_blk 0 divergent; resid 0 divergent; resid_blk 0 divergent
P9	candle / floatlm-99m	as predicted	scale 8/8; perm 0 divergent; all 0 divergent; canon 0 divergent; heads 0 divergent; units 0 divergent; units_blk 0 divergent; resid 0 divergent; resid_blk 0 divergent
P9	candle / smol-base	as predicted	scale 8/8; perm 0 divergent; all 0 divergent; canon 0 divergent; heads 0 divergent; units 0 divergent; units_blk 0 divergent; resid 0 divergent; resid_blk 0 divergent
P9	candle / smol-instruct	as predicted	scale 16/16; perm 0 divergent; all 0 divergent; canon 0 divergent; heads 0 divergent; units 0 divergent; units_blk 0 divergent; resid 0 divergent; resid_blk 0 divergent
P9	candle / trilm-99m	as predicted	scale 8/8; perm 0 divergent; all 0 divergent; canon 0 divergent; heads 0 divergent; units 0 divergent; units_blk 0 divergent; resid 0 divergent; resid_blk 0 divergent
P9	ctranslate2 / floatlm-99m	as predicted	scale 8/8; perm 0 divergent; all 0 divergent; canon 0 divergent; heads 0 divergent; units 0 divergent; units_blk 0 divergent; resid 0 divergent; resid_blk 0 divergent
P9	ctranslate2 / smol-base	as predicted	scale 8/8; perm 0 divergent; all 0 divergent; canon 0 divergent; heads 0 divergent; units 0 divergent; units_blk 0 divergent; resid 0 divergent; resid_blk 0 divergent
P9	ctranslate2 / smol-instruct	as predicted	scale 16/16; perm 0 divergent; all 0 divergent; canon 0 divergent; heads 0 divergent; units 0 divergent; units_blk 0 divergent; resid 0 divergent; resid_blk 0 divergent
P9	ctranslate2 / trilm-99m	as predicted	scale 8/8; perm 0 divergent; all 0 divergent; canon 0 divergent; heads 0 divergent; units 0 divergent; units_blk 0 divergent; resid 0 divergent; resid_blk 0 divergent
P9	llamacpp / floatlm-99m	as predicted	scale 8/8; perm 0 divergent; all 0 divergent; canon 0 divergent; heads 0 divergent; units 0 divergent; units_blk 0 divergent; resid 0 divergent; resid_blk 0 divergent
P9	llamacpp / smol-base	as predicted	scale 8/8; perm 0 divergent; all 0 divergent; canon 0 divergent; heads 0 divergent; units 0 divergent; units_blk 0 divergent; resid 0 divergent; resid_blk 0 divergent
P9	llamacpp / smol-instruct	as predicted	scale 16/16; perm 0 divergent; all 0 divergent; canon 0 divergent; heads 0 divergent; units 0 divergent; units_blk 0 divergent; resid 0 divergent; resid_blk 0 divergent
P9	llamacpp / trilm-99m	as predicted	scale 8/8; perm 0 divergent; all 0 divergent; canon 0 divergent; heads 0 divergent; units 0 divergent; units_blk 0 divergent; resid 0 divergent; resid_blk 0 divergent
P9	onnxruntime / floatlm-99m	as predicted	scale 8/8; perm 0 divergent; all 0 divergent; canon 0 divergent; heads 0 divergent; units 0 divergent; units_blk 0 divergent; resid 0 divergent; resid_blk 0 divergent
P9	onnxruntime / smol-base	as predicted	scale 8/8; perm 0 divergent; all 0 divergent; canon 0 divergent; heads 0 divergent; units 0 divergent; units_blk 0 divergent; resid 0 divergent; resid_blk 0 divergent
P9	onnxruntime / smol-instruct	as predicted	scale 16/16; perm 0 divergent; all 0 divergent; canon 0 divergent; heads 0 divergent; units 0 divergent; units_blk 0 divergent; resid 0 divergent; resid_blk 0 divergent
P9	onnxruntime / trilm-99m	as predicted	scale 8/8; perm 0 divergent; all 0 divergent; canon 0 divergent; heads 0 divergent; units 0 divergent; units_blk 0 divergent; resid 0 divergent; resid_blk 0 divergent
control	converted artifacts ctranslate2 float32 / floatlm-99m	as predicted	11 distinct hashes of 11 converted files (a stale conversion would repeat one)
control	converted artifacts ctranslate2 float32 / smol-base	as predicted	11 distinct hashes of 11 converted files (a stale conversion would repeat one)
control	converted artifacts ctranslate2 float32 / smol-instruct	as predicted	11 distinct hashes of 11 converted files (a stale conversion would repeat one)
control	converted artifacts ctranslate2 float32 / trilm-99m	as predicted	11 distinct hashes of 11 converted files (a stale conversion would repeat one)
control	converted artifacts ctranslate2 int8 / smol-instruct	as predicted	11 distinct hashes of 11 converted files (a stale conversion would repeat one)
control	converted artifacts llamacpp float16 / floatlm-99m	as predicted	11 distinct hashes of 11 converted files (a stale conversion would repeat one)
control	converted artifacts llamacpp float16 / smol-base	as predicted	11 distinct hashes of 11 converted files (a stale conversion would repeat one)
control	converted artifacts llamacpp float16 / smol-instruct	as predicted	11 distinct hashes of 11 converted files (a stale conversion would repeat one)
control	converted artifacts llamacpp float16 / trilm-99m	as predicted	11 distinct hashes of 11 converted files (a stale conversion would repeat one)
control	converted artifacts llamacpp float32 / floatlm-99m	as predicted	11 distinct hashes of 11 converted files (a stale conversion would repeat one)
control	converted artifacts llamacpp float32 / smol-base	as predicted	11 distinct hashes of 11 converted files (a stale conversion would repeat one)
control	converted artifacts llamacpp float32 / smol-instruct	as predicted	11 distinct hashes of 11 converted files (a stale conversion would repeat one)
control	converted artifacts llamacpp float32 / trilm-99m	as predicted	11 distinct hashes of 11 converted files (a stale conversion would repeat one)
control	converted artifacts llamacpp float32-kvf16 / smol-instruct	as predicted	11 distinct hashes of 11 converted files (a stale conversion would repeat one)
control	converted artifacts llamacpp float32-kvq4_0 / smol-instruct	as predicted	11 distinct hashes of 11 converted files (a stale conversion would repeat one)
control	converted artifacts llamacpp float32-kvq4_0-norot / smol-instruct	as predicted	11 distinct hashes of 11 converted files (a stale conversion would repeat one)
control	converted artifacts llamacpp float32-kvq8_0 / smol-instruct	as predicted	11 distinct hashes of 11 converted files (a stale conversion would repeat one)
control	converted artifacts llamacpp float32-kvq8_0-norot / smol-instruct	as predicted	11 distinct hashes of 11 converted files (a stale conversion would repeat one)
control	converted artifacts llamacpp q4_0 / smol-instruct	as predicted	11 distinct hashes of 11 converted files (a stale conversion would repeat one)
control	converted artifacts llamacpp q8_0 / smol-instruct	as predicted	11 distinct hashes of 11 converted files (a stale conversion would repeat one)
control	converted artifacts onnxruntime float32 / floatlm-99m	as predicted	11 distinct hashes of 11 converted files (a stale conversion would repeat one)
control	converted artifacts onnxruntime float32 / smol-base	as predicted	11 distinct hashes of 11 converted files (a stale conversion would repeat one)
control	converted artifacts onnxruntime float32 / smol-instruct	as predicted	11 distinct hashes of 11 converted files (a stale conversion would repeat one)
control	converted artifacts onnxruntime float32 / trilm-99m	as predicted	11 distinct hashes of 11 converted files (a stale conversion would repeat one)
control	determinism candle float32 / floatlm-99m	as predicted	the original run twice: {'generations_equal': True, 'logits_bit_identical': True, 'ppl_equal': True}
control	determinism candle float32 / smol-base	as predicted	the original run twice: {'generations_equal': True, 'logits_bit_identical': True, 'ppl_equal': True}
control	determinism candle float32 / smol-instruct	as predicted	the original run twice: {'generations_equal': True, 'logits_bit_identical': True, 'ppl_equal': True}
control	determinism candle float32 / trilm-99m	as predicted	the original run twice: {'generations_equal': True, 'logits_bit_identical': True, 'ppl_equal': True}
control	determinism ctranslate2 float32 / floatlm-99m	as predicted	the original run twice: {'generations_equal': True, 'logits_bit_identical': True, 'ppl_equal': True}
control	determinism ctranslate2 float32 / smol-base	as predicted	the original run twice: {'generations_equal': True, 'logits_bit_identical': True, 'ppl_equal': True}
control	determinism ctranslate2 float32 / smol-instruct	as predicted	the original run twice: {'generations_equal': True, 'logits_bit_identical': True, 'ppl_equal': True}
control	determinism ctranslate2 float32 / trilm-99m	as predicted	the original run twice: {'generations_equal': True, 'logits_bit_identical': True, 'ppl_equal': True}
control	determinism ctranslate2 int8 / smol-instruct	as predicted	the original run twice: {'generations_equal': True, 'logits_bit_identical': True, 'ppl_equal': True}
control	determinism llamacpp float16 / floatlm-99m	as predicted	the original run twice: {'generations_equal': True, 'logits_bit_identical': True, 'ppl_equal': True}
control	determinism llamacpp float16 / smol-base	as predicted	the original run twice: {'generations_equal': True, 'logits_bit_identical': True, 'ppl_equal': True}
control	determinism llamacpp float16 / smol-instruct	as predicted	the original run twice: {'generations_equal': True, 'logits_bit_identical': True, 'ppl_equal': True}
control	determinism llamacpp float16 / trilm-99m	as predicted	the original run twice: {'generations_equal': True, 'logits_bit_identical': True, 'ppl_equal': True}
control	determinism llamacpp float32 / floatlm-99m	as predicted	the original run twice: {'generations_equal': True, 'logits_bit_identical': True, 'ppl_equal': True}
control	determinism llamacpp float32 / smol-base	as predicted	the original run twice: {'generations_equal': True, 'logits_bit_identical': True, 'ppl_equal': True}
control	determinism llamacpp float32 / smol-instruct	as predicted	the original run twice: {'generations_equal': True, 'logits_bit_identical': True, 'ppl_equal': True}
control	determinism llamacpp float32 / trilm-99m	as predicted	the original run twice: {'generations_equal': True, 'logits_bit_identical': True, 'ppl_equal': True}
control	determinism llamacpp float32-kvf16 / smol-instruct	as predicted	the original run twice: {'generations_equal': True, 'logits_bit_identical': True, 'ppl_equal': True}
control	determinism llamacpp float32-kvq4_0 / smol-instruct	as predicted	the original run twice: {'generations_equal': True, 'logits_bit_identical': True, 'ppl_equal': True}
control	determinism llamacpp float32-kvq4_0-norot / smol-instruct	as predicted	the original run twice: {'generations_equal': True, 'logits_bit_identical': True, 'ppl_equal': True}
control	determinism llamacpp float32-kvq8_0 / smol-instruct	as predicted	the original run twice: {'generations_equal': True, 'logits_bit_identical': True, 'ppl_equal': True}
control	determinism llamacpp float32-kvq8_0-norot / smol-instruct	as predicted	the original run twice: {'generations_equal': True, 'logits_bit_identical': True, 'ppl_equal': True}
control	determinism llamacpp q4_0 / smol-instruct	as predicted	the original run twice: {'generations_equal': True, 'logits_bit_identical': True, 'ppl_equal': True}
control	determinism llamacpp q8_0 / smol-instruct	as predicted	the original run twice: {'generations_equal': True, 'logits_bit_identical': True, 'ppl_equal': True}
control	determinism onnxruntime float32 / floatlm-99m	as predicted	the original run twice: {'generations_equal': True, 'logits_bit_identical': True, 'ppl_equal': True}
control	determinism onnxruntime float32 / smol-base	as predicted	the original run twice: {'generations_equal': True, 'logits_bit_identical': True, 'ppl_equal': True}
control	determinism onnxruntime float32 / smol-instruct	as predicted	the original run twice: {'generations_equal': True, 'logits_bit_identical': True, 'ppl_equal': True}
control	determinism onnxruntime float32 / trilm-99m	as predicted	the original run twice: {'generations_equal': True, 'logits_bit_identical': True, 'ppl_equal': True}
control	determinism pytorch bfloat16 / floatlm-99m	as predicted	the original run twice: {'generations_equal': True, 'logits_bit_identical': True, 'ppl_equal': True}
control	determinism pytorch bfloat16 / smol-base	as predicted	the original run twice: {'generations_equal': True, 'logits_bit_identical': True, 'ppl_equal': True}
control	determinism pytorch bfloat16 / smol-instruct	as predicted	the original run twice: {'generations_equal': True, 'logits_bit_identical': True, 'ppl_equal': True}
control	determinism pytorch bfloat16 / trilm-99m	as predicted	the original run twice: {'generations_equal': True, 'logits_bit_identical': True, 'ppl_equal': True}
control	determinism pytorch float32 / floatlm-99m	as predicted	the original run twice: {'generations_equal': True, 'logits_bit_identical': True, 'ppl_equal': True}
control	determinism pytorch float32 / smol-base	as predicted	the original run twice: {'generations_equal': True, 'logits_bit_identical': True, 'ppl_equal': True}
control	determinism pytorch float32 / smol-instruct	as predicted	the original run twice: {'generations_equal': True, 'logits_bit_identical': True, 'ppl_equal': True}
control	determinism pytorch float32 / trilm-99m	as predicted	the original run twice: {'generations_equal': True, 'logits_bit_identical': True, 'ppl_equal': True}
control	xrt-candle-floatlm-99m config	as predicted	config keys changed by the writer: ['dtype', 'torch_dtype']
control	xrt-candle-floatlm-99m files	as predicted	11 distinct safetensors hashes of 11 variants
control	xrt-candle-floatlm-99m significands	as predicted	every tensor of every variant has the original's multiset of significands and the original's name
control	xrt-candle-smol-base all stored dtype	as predicted	stored as bfloat16, 0 tensors outside the grid
control	xrt-candle-smol-base canon stored dtype	as predicted	stored as bfloat16, 0 tensors outside the grid
control	xrt-candle-smol-base config	as predicted	config keys changed by the writer: ['dtype']
control	xrt-candle-smol-base files	as predicted	11 distinct safetensors hashes of 11 variants
control	xrt-candle-smol-base perm stored dtype	as predicted	stored as bfloat16, 0 tensors outside the grid
control	xrt-candle-smol-base scale stored dtype	as predicted	stored as bfloat16, 0 tensors outside the grid
control	xrt-candle-smol-base significands	as predicted	every tensor of every variant has the original's multiset of significands and the original's name
control	xrt-candle-smol-instruct all stored dtype	as predicted	stored as bfloat16, 0 tensors outside the grid
control	xrt-candle-smol-instruct canon stored dtype	as predicted	stored as bfloat16, 0 tensors outside the grid
control	xrt-candle-smol-instruct config	as predicted	config keys changed by the writer: ['dtype']
control	xrt-candle-smol-instruct files	as predicted	11 distinct safetensors hashes of 11 variants
control	xrt-candle-smol-instruct perm stored dtype	as predicted	stored as bfloat16, 0 tensors outside the grid
control	xrt-candle-smol-instruct scale stored dtype	as predicted	stored as bfloat16, 0 tensors outside the grid
control	xrt-candle-smol-instruct significands	as predicted	every tensor of every variant has the original's multiset of significands and the original's name
control	xrt-candle-trilm-99m config	as predicted	config keys changed by the writer: ['dtype']
control	xrt-candle-trilm-99m files	as predicted	11 distinct safetensors hashes of 11 variants
control	xrt-candle-trilm-99m significands	as predicted	every tensor of every variant has the original's multiset of significands and the original's name
control	xrt-ctranslate2-floatlm-99m config	as predicted	config keys changed by the writer: ['dtype', 'torch_dtype']
control	xrt-ctranslate2-floatlm-99m files	as predicted	11 distinct safetensors hashes of 11 variants
control	xrt-ctranslate2-floatlm-99m significands	as predicted	every tensor of every variant has the original's multiset of significands and the original's name
control	xrt-ctranslate2-smol-base all stored dtype	as predicted	stored as bfloat16, 0 tensors outside the grid
control	xrt-ctranslate2-smol-base canon stored dtype	as predicted	stored as bfloat16, 0 tensors outside the grid
control	xrt-ctranslate2-smol-base config	as predicted	config keys changed by the writer: ['dtype']
control	xrt-ctranslate2-smol-base files	as predicted	11 distinct safetensors hashes of 11 variants
control	xrt-ctranslate2-smol-base perm stored dtype	as predicted	stored as bfloat16, 0 tensors outside the grid
control	xrt-ctranslate2-smol-base scale stored dtype	as predicted	stored as bfloat16, 0 tensors outside the grid
control	xrt-ctranslate2-smol-base significands	as predicted	every tensor of every variant has the original's multiset of significands and the original's name
control	xrt-ctranslate2-smol-instruct all stored dtype	as predicted	stored as bfloat16, 0 tensors outside the grid
control	xrt-ctranslate2-smol-instruct canon stored dtype	as predicted	stored as bfloat16, 0 tensors outside the grid
control	xrt-ctranslate2-smol-instruct config	as predicted	config keys changed by the writer: ['dtype']
control	xrt-ctranslate2-smol-instruct files	as predicted	11 distinct safetensors hashes of 11 variants
control	xrt-ctranslate2-smol-instruct perm stored dtype	as predicted	stored as bfloat16, 0 tensors outside the grid
control	xrt-ctranslate2-smol-instruct scale stored dtype	as predicted	stored as bfloat16, 0 tensors outside the grid
control	xrt-ctranslate2-smol-instruct significands	as predicted	every tensor of every variant has the original's multiset of significands and the original's name
control	xrt-ctranslate2-trilm-99m config	as predicted	config keys changed by the writer: ['dtype']
control	xrt-ctranslate2-trilm-99m files	as predicted	11 distinct safetensors hashes of 11 variants
control	xrt-ctranslate2-trilm-99m significands	as predicted	every tensor of every variant has the original's multiset of significands and the original's name
control	xrt-llamacpp-floatlm-99m config	as predicted	config keys changed by the writer: ['dtype', 'torch_dtype']
control	xrt-llamacpp-floatlm-99m files	as predicted	11 distinct safetensors hashes of 11 variants
control	xrt-llamacpp-floatlm-99m significands	as predicted	every tensor of every variant has the original's multiset of significands and the original's name
control	xrt-llamacpp-smol-base all stored dtype	as predicted	stored as bfloat16, 0 tensors outside the grid
control	xrt-llamacpp-smol-base canon stored dtype	as predicted	stored as bfloat16, 0 tensors outside the grid
control	xrt-llamacpp-smol-base config	as predicted	config keys changed by the writer: ['dtype']
control	xrt-llamacpp-smol-base files	as predicted	11 distinct safetensors hashes of 11 variants
control	xrt-llamacpp-smol-base perm stored dtype	as predicted	stored as bfloat16, 0 tensors outside the grid
control	xrt-llamacpp-smol-base scale stored dtype	as predicted	stored as bfloat16, 0 tensors outside the grid
control	xrt-llamacpp-smol-base significands	as predicted	every tensor of every variant has the original's multiset of significands and the original's name
control	xrt-llamacpp-smol-instruct all stored dtype	as predicted	stored as bfloat16, 0 tensors outside the grid
control	xrt-llamacpp-smol-instruct canon stored dtype	as predicted	stored as bfloat16, 0 tensors outside the grid
control	xrt-llamacpp-smol-instruct config	as predicted	config keys changed by the writer: ['dtype']
control	xrt-llamacpp-smol-instruct files	as predicted	11 distinct safetensors hashes of 11 variants
control	xrt-llamacpp-smol-instruct perm stored dtype	as predicted	stored as bfloat16, 0 tensors outside the grid
control	xrt-llamacpp-smol-instruct scale stored dtype	as predicted	stored as bfloat16, 0 tensors outside the grid
control	xrt-llamacpp-smol-instruct significands	as predicted	every tensor of every variant has the original's multiset of significands and the original's name
control	xrt-llamacpp-trilm-99m config	as predicted	config keys changed by the writer: ['dtype']
control	xrt-llamacpp-trilm-99m files	as predicted	11 distinct safetensors hashes of 11 variants
control	xrt-llamacpp-trilm-99m significands	as predicted	every tensor of every variant has the original's multiset of significands and the original's name
control	xrt-norot all stored dtype	as predicted	stored as bfloat16, 0 tensors outside the grid
control	xrt-norot canon stored dtype	as predicted	stored as bfloat16, 0 tensors outside the grid
control	xrt-norot config	as predicted	config keys changed by the writer: ['dtype']
control	xrt-norot files	as predicted	11 distinct safetensors hashes of 11 variants
control	xrt-norot perm stored dtype	as predicted	stored as bfloat16, 0 tensors outside the grid
control	xrt-norot scale stored dtype	as predicted	stored as bfloat16, 0 tensors outside the grid
control	xrt-norot significands	as predicted	every tensor of every variant has the original's multiset of significands and the original's name
control	xrt-onnxruntime-floatlm-99m config	as predicted	config keys changed by the writer: ['dtype', 'torch_dtype']
control	xrt-onnxruntime-floatlm-99m files	as predicted	11 distinct safetensors hashes of 11 variants
control	xrt-onnxruntime-floatlm-99m significands	as predicted	every tensor of every variant has the original's multiset of significands and the original's name
control	xrt-onnxruntime-smol-base all stored dtype	as predicted	stored as bfloat16, 0 tensors outside the grid
control	xrt-onnxruntime-smol-base canon stored dtype	as predicted	stored as bfloat16, 0 tensors outside the grid
control	xrt-onnxruntime-smol-base config	as predicted	config keys changed by the writer: ['dtype']
control	xrt-onnxruntime-smol-base files	as predicted	11 distinct safetensors hashes of 11 variants
control	xrt-onnxruntime-smol-base perm stored dtype	as predicted	stored as bfloat16, 0 tensors outside the grid
control	xrt-onnxruntime-smol-base scale stored dtype	as predicted	stored as bfloat16, 0 tensors outside the grid
control	xrt-onnxruntime-smol-base significands	as predicted	every tensor of every variant has the original's multiset of significands and the original's name
control	xrt-onnxruntime-smol-instruct all stored dtype	as predicted	stored as bfloat16, 0 tensors outside the grid
control	xrt-onnxruntime-smol-instruct canon stored dtype	as predicted	stored as bfloat16, 0 tensors outside the grid
control	xrt-onnxruntime-smol-instruct config	as predicted	config keys changed by the writer: ['dtype']
control	xrt-onnxruntime-smol-instruct files	as predicted	11 distinct safetensors hashes of 11 variants
control	xrt-onnxruntime-smol-instruct perm stored dtype	as predicted	stored as bfloat16, 0 tensors outside the grid
control	xrt-onnxruntime-smol-instruct scale stored dtype	as predicted	stored as bfloat16, 0 tensors outside the grid
control	xrt-onnxruntime-smol-instruct significands	as predicted	every tensor of every variant has the original's multiset of significands and the original's name
control	xrt-onnxruntime-trilm-99m config	as predicted	config keys changed by the writer: ['dtype']
control	xrt-onnxruntime-trilm-99m files	as predicted	11 distinct safetensors hashes of 11 variants
control	xrt-onnxruntime-trilm-99m significands	as predicted	every tensor of every variant has the original's multiset of significands and the original's name
control	xrt-pytorch-floatlm-99m config	as predicted	config keys changed by the writer: ['dtype', 'torch_dtype']
control	xrt-pytorch-floatlm-99m files	as predicted	11 distinct safetensors hashes of 11 variants
control	xrt-pytorch-floatlm-99m significands	as predicted	every tensor of every variant has the original's multiset of significands and the original's name
control	xrt-pytorch-smol-base all stored dtype	as predicted	stored as bfloat16, 0 tensors outside the grid
control	xrt-pytorch-smol-base canon stored dtype	as predicted	stored as bfloat16, 0 tensors outside the grid
control	xrt-pytorch-smol-base config	as predicted	config keys changed by the writer: ['dtype']
control	xrt-pytorch-smol-base files	as predicted	11 distinct safetensors hashes of 11 variants
control	xrt-pytorch-smol-base perm stored dtype	as predicted	stored as bfloat16, 0 tensors outside the grid
control	xrt-pytorch-smol-base scale stored dtype	as predicted	stored as bfloat16, 0 tensors outside the grid
control	xrt-pytorch-smol-base significands	as predicted	every tensor of every variant has the original's multiset of significands and the original's name
control	xrt-pytorch-smol-instruct all stored dtype	as predicted	stored as bfloat16, 0 tensors outside the grid
control	xrt-pytorch-smol-instruct canon stored dtype	as predicted	stored as bfloat16, 0 tensors outside the grid
control	xrt-pytorch-smol-instruct config	as predicted	config keys changed by the writer: ['dtype']
control	xrt-pytorch-smol-instruct files	as predicted	11 distinct safetensors hashes of 11 variants
control	xrt-pytorch-smol-instruct perm stored dtype	as predicted	stored as bfloat16, 0 tensors outside the grid
control	xrt-pytorch-smol-instruct scale stored dtype	as predicted	stored as bfloat16, 0 tensors outside the grid
control	xrt-pytorch-smol-instruct significands	as predicted	every tensor of every variant has the original's multiset of significands and the original's name
control	xrt-pytorch-trilm-99m config	as predicted	config keys changed by the writer: ['dtype']
control	xrt-pytorch-trilm-99m files	as predicted	11 distinct safetensors hashes of 11 variants
control	xrt-pytorch-trilm-99m significands	as predicted	every tensor of every variant has the original's multiset of significands and the original's name
control	xrt-quant all stored dtype	as predicted	stored as bfloat16, 0 tensors outside the grid
control	xrt-quant canon stored dtype	as predicted	stored as bfloat16, 0 tensors outside the grid
control	xrt-quant config	as predicted	config keys changed by the writer: ['dtype']
control	xrt-quant files	as predicted	11 distinct safetensors hashes of 11 variants
control	xrt-quant perm stored dtype	as predicted	stored as bfloat16, 0 tensors outside the grid
control	xrt-quant scale stored dtype	as predicted	stored as bfloat16, 0 tensors outside the grid
control	xrt-quant significands	as predicted	every tensor of every variant has the original's multiset of significands and the original's name
observed	null variant, float32	not graded	e = 7.76e-13; NMSE against own original 6.96e-13
observed	null variant, float32-kvq4_0-norot	not graded	e = 0.0404; NMSE against own original / e = 0.0508
observed	null variant, float32-kvq8_0-norot	not graded	e = 0.000204; NMSE against own original / e = 0.302
