name	dtype	shape	raw	digest	digest_t
f32-pair	f32	2	0000803f00000040	52468c6a873e87dde71d74d4681b652e6d7d2c5b502bac7c93674dbece0992a3	-
bf16-pair	bf16	2	803f0040	52468c6a873e87dde71d74d4681b652e6d7d2c5b502bac7c93674dbece0992a3	-
f16-pair	f16	2	003c0040	52468c6a873e87dde71d74d4681b652e6d7d2c5b502bac7c93674dbece0992a3	-
f32-2x3	f32	2,3	0000803f0000004000004040000080400000a0400000c040	4bebb99b7038f81692726f8a5023b2331adb0bfbf420c8f193f1000dc8939cd7	59145cb662095f5fc2806345199d34b4998bf80cfecadb37bf6f81d05fcb021c
i64-minus1	i64	1	ffffffffffffffff	409201a59a6874b08312ae2382a7639ab42aef875b1765b6c5811dbbf766a9e0	-
f32-scalar	f32		0000803f	2b3c1f6feea9e3ce2551c9f1c9355c1299713c1238a0b55a598b9f4b512eac1c	-
f32-one	f32	1	0000803f	562accb87f75b0f7e18ab5482b26805ca7a93ffb2617f5fb96fe2d6899b89e51	-
i32-one	i32	1	0000803f	bdc908a0ce8cf748a7dada796d75d9b521271d03df73734547927ed733d485b7	-
f32-4	f32	4	0000803f000000400000404000008040	f000c5f7bab0c4605eb97857d69aba8bd6ffee159b31e6a7f92efbcb33ba556f	-
f32-2x2	f32	2,2	0000803f000000400000404000008040	7755eac0d0d3c949d37e56525da1ac43aa1912fea11eaa7acb1835a2f6e925f3	ee4d812923385b4ce80ea214faf151058dabb3d2c10031fa6b7e140e50dde325
bool-pair	bool	2	0001	d035880359092e13204cd37182775b4eac7611963170d2af589ed6f1f148e043	-
