file	mode	verdict
01-valid	read	OK
01-valid	write	OK
02-other-format	read	NOT-THIS-FORMAT
03-min-reader-99	read	UNSUPPORTED-READ-VERSION
04-min-reader-2	read	UNSUPPORTED-READ-VERSION
05-unknown-read-feature	read	UNKNOWN-REQUIRED-FEATURE
05-unknown-read-feature	write	UNKNOWN-REQUIRED-FEATURE
06-unknown-write-feature	read	OK
06-unknown-write-feature	write	READ-ONLY
07-unknown-none-feature	read	OK
07-unknown-none-feature	write	OK
08-min-writer-2	read	OK
08-min-writer-2	write	READ-ONLY
09-bad-root-and-version	read	UNSUPPORTED-READ-VERSION
10-bad-root	read	MISMATCH
11-unknown-scheme	read	UNVERIFIABLE-SCHEME
12-other-producer	read	OK
12-other-producer	write	OK
13-order-violated	read	MALFORMED
14-unknown-key	read	OK
14-unknown-key	write	OK
15-environment	read	OK
15-environment	write	OK
16-bad-feature-kind	read	MALFORMED
17-tensor-twice	read	OK
