model	cell	elapsed	peak_kib
smol-instruct	check	0:14.63	1410036
smol-instruct	canon	12:04.18	2219656
smol-instruct	naive	0:03.93	851176
smol-instruct	function	0:40.68	4219012
smol-base	check	0:15.04	1444048
smol-base	canon	11:40.92	2109032
smol-base	naive	0:03.84	851448
floatlm-99m	check	0:09.77	1094460
floatlm-99m	canon	4:30.78	1715284
floatlm-99m	naive	0:03.71	642060
trilm-99m	check	0:09.58	1095424
trilm-99m	canon	4:36.53	1762596
trilm-99m	naive	0:02.24	642200
trilm-390m	check	0:34.04	3737832
trilm-390m	canon	32:37.88	6516688
trilm-390m	naive	0:08.46	2360128
